name	palette16
ED0.RGB	000000 000000 10AACB 414100 86AA00 BA9600 DBEF65 FF3020 AA5500 FF8665 968686 DBCBCB FFAA75 FFBA86 FFCB96 FFFFFF
ED1.RGB	300000 410000 FFCBCB 000000 0075AA DBBA20 EFFF75 FF7565 BA6510 FFAA86 969696 DBDBDB FFAA75 FFBA86 FFCB96 FFFFFF
ED2.RGB	300000 410000 FFCBCB 000000 0075AA DBBA20 EFFF75 FF7565 BA6510 FFAA86 969696 DBDBDB FFAA75 FFBA86 FFCB96 FFFFFF
ED3.RGB	300000 410000 FFCBCB 000000 0075AA DBBA20 EFFF75 FF7565 BA6510 FFAA86 969696 DBDBDB FFAA75 FFBA86 FFCB96 FFFFFF
ED4.RGB	300000 410000 FFCBCB 000000 0075AA DBBA20 EFFF75 FF7565 BA6510 FFAA86 969696 DBDBDB FFAA75 FFBA86 FFCB96 FFFFFF
ED5.RGB	300000 410000 FFCBCB 000000 0075AA DBBA20 EFFF75 FF7565 BA6510 FFAA86 969696 DBDBDB FFAA75 FFBA86 FFCB96 FFFFFF
ED6.RGB	300000 410000 FFCBCB 000000 0075AA DBBA20 EFFF75 FF7565 BA6510 FFAA86 969696 DBDBDB FFAA75 FFBA86 FFCB96 FFFFFF
ED7.RGB	300000 410000 FFCBCB 000000 0075AA DBBA20 EFFF75 FF7565 BA6510 FFAA86 969696 DBDBDB FFAA75 FFBA86 FFCB96 FFFFFF
H-TXT.PCX	000000 6068BC AC7858 ECC48C 9C9078 FCF8F0 A094AC E8F8DC 90745C FC6C20 FCFCFC FCFCFC F4FCFC FCF4FC ECFCFC 04040C
IMG.RGB	FFFFFF 0000FF FF00FF 0000FF FFFF00 00FF00 FF0000 FF0000 EF0000 550000 410000 BA0000 AA0000 100000 000000 000000
MAIN	000000 0041AA 00AACB 414100 86AA00 BA9600 DBEF65 FF3020 AA5500 FF8665 968686 DBCBCB FFAA75 FFBA86 FFCB96 FFFFFF
OP0.RGB	000000 86BACB CBEFFF 414100 86AA00 AA9610 CBBA75 554120 756541 AA8665 BA9675 868686 CBAA96 EF9675 EFCBAA FFDBBA
OP1.RGB	000000 86BACB CBEFFF 414100 86AA00 AA9610 CBBA75 554120 756541 AA8665 BA9675 868686 CBAA96 EF9675 EFCBAA FFDBBA
OP10.RGB	750000 AA8655 FF0000 AA5500 FF9675 BABABA EFAA75 FFAA20 202020 CBCBAA 969665 BABA86 DBDBAA BA1020 555555 FFFFCB
OP2.RGB	000000 86BACB CBEFFF 414100 86AA00 AA9610 CBBA75 554120 756541 AA8665 BA9675 868686 CBAA96 EF9675 EFCBAA FFDBBA
OP3.RGB	000000 86BACB CBEFFF 414100 86AA00 AA9610 CBBA75 554120 756541 AA8665 BA9675 868686 CBAA96 EF9675 EFCBAA FFDBBA
OP4.RGB	000000 86BACB CBEFFF 414100 86AA00 AA9610 CBBA75 554120 756541 AA8665 BA9675 868686 CBAA96 EF9675 EFCBAA FFDBBA
OP5.RGB	000000 86BACB CBEFFF 414100 86AA00 AA9610 CBBA75 554120 756541 AA8665 BA9675 868686 CBAA96 EF9675 EFCBAA FFDBBA
OP6.RGB	000000 86BACB CBEFFF 414100 86AA00 AA9610 CBBA75 554120 756541 AA8665 BA9675 868686 CBAA96 EF9675 EFCBAA FFDBBA
OP7.RGB	000000 86BACB CBEFFF 414100 86AA00 AA9610 CBBA75 554120 756541 AA8665 BA9675 868686 CBAA96 EF9675 EFCBAA FFDBBA
OP8.RGB	000000 656565 FFFFFF FFFFFF 86AA00 BA9600 DBEF65 FF3020 AA5500 FF8665 968686 DBCBCB EF8665 FFAA75 FFBA96 FFFFFF
OP9.RGB	000000 FFFFFF 10AACB 757575 86AA00 BA9600 DBEF65 FF3020 AA5500 FF8665 968686 DBCBCB EF8665 FFAA75 FFBA96 FFFFFF
RAIN.PCX	000000 88384C B05468 10200C 389408 648088 A49890 7C581C 606CAC 205830 6C4060 0C0C0C 584060 203454 101010 604868
ROLL.RGB	000000 755555 AAAAAA 414100 86AA00 EFAA20 CBBA75 BAAA86 756541 AA8665 555565 656575 868696 AAAABA CBCBDB FFFFFF
