hash	id	w	h	kind	pal	hd
16d379976619d7c59360095d05255635cb57ae72a1f8dabf52d396894c64c555	ARROW.GRP:0	32	32	sprite	MAIN	GRP/ARROW.GRP_000.png
9aa635cca1bde7329d5daddaf79b265b1570d84818ff0e32c4861b89f25db0d9	ARROW.GRP:1	32	32	sprite	MAIN	GRP/ARROW.GRP_001.png
a2e78a1ef0432dbcba7f88fc886504b273cb7753cc6ed9b5df0d579c7c73387a	ARROW.GRP:2	32	32	sprite	MAIN	GRP/ARROW.GRP_002.png
9d21b7943a33b60e92d79795c3a1bc382485aeedcf5bc093ad2509de54af1d35	ARROW.GRP:3	32	32	sprite	MAIN	GRP/ARROW.GRP_003.png
8570a5050459bc389e7334d290bbcb26e575569e711dee62b26c82221c6ca63b	ARROW.GRP:4	32	32	sprite	MAIN	GRP/ARROW.GRP_004.png
bc04234b1e7aaed567173832cf8ae598870a6f95ac931dcf199f712ccc24b544	ARROW.GRP:5	32	32	sprite	MAIN	GRP/ARROW.GRP_005.png
43c86fb444386141ee4e69c1bb535e73ade918ca134df80028b0c45dd3cb1fd4	ARROW.GRP:6	32	32	sprite	MAIN	GRP/ARROW.GRP_006.png
a58da5c77ea3e3578f3005032fedbb858289e58b298ad45eca0969050437e9e6	ARROW.GRP:7	32	32	sprite	MAIN	GRP/ARROW.GRP_007.png
78da7194b4b293a4caf1c996228c41f6b4228f1fc22bb6987b17bd989457ee9f	BC32.MRG:0	64	32	sprite	MAIN	MRG/BC32.MRG/BC32.MRG_000.png
3764a137ef14c84a7440c8c3fbb269fb8f3f2ec73fa56390020624e44b6805a0	BC32.MRG:1	64	32	sprite	MAIN	MRG/BC32.MRG/BC32.MRG_001.png
9f0d2fad650772158670244c7b8eab5843596d321eebd398309953fdd218f3b6	BC32.MRG:10	64	32	sprite	MAIN	MRG/BC32.MRG/BC32.MRG_010.png
3a4ea6cd37eecb837c3e432fe1e233435de481e79d197e62e9b16871bcbc3c2f	BC32.MRG:100	64	32	sprite	MAIN	MRG/BC32.MRG/BC32.MRG_100.png
409a567fd34f40fb380b413c196534b516c157a8c0d2b45390f319647dd8e19f	BC32.MRG:102;BC32.MRG:103	64	32	sprite	MAIN	MRG/BC32.MRG/BC32.MRG_102.png
e76136d2fe1f9b7e82f10f3153796d0e2790e113f5eaffae95482004b48f9665	BC32.MRG:108	64	32	sprite	MAIN	MRG/BC32.MRG/BC32.MRG_108.png
32a154f3b659dbb00e2136503a902ffb0f28dbea7957f343877348cb3ad6751f	BC32.MRG:109	64	32	sprite	MAIN	MRG/BC32.MRG/BC32.MRG_109.png
6840a5207c6f39dfb0c70f47abc9f2cb3885b539b4a6142ce238bd29ccae008c	BC32.MRG:11	32	32	sprite	MAIN	MRG/BC32.MRG/BC32.MRG_011.png
bf602d78754bccb7319fb2363c11faaf0a460603aa8a1ea63a2bcb632bb78834	BC32.MRG:111;BC32.MRG:117	64	32	sprite	MAIN	MRG/BC32.MRG/BC32.MRG_111.png
be95b262dc79ff9c1f6d816ffc13a16c60da893377681b2f07df48ff28a94041	BC32.MRG:112;BC32.MRG:118	64	32	sprite	MAIN	MRG/BC32.MRG/BC32.MRG_112.png
c21f57c17fc11537d3d7269f9871217c21c954a17f774a9303067789710bc2e5	BC32.MRG:114	64	32	sprite	MAIN	MRG/BC32.MRG/BC32.MRG_114.png
794001b1420c03dfd40ad0c458dd43e3c1b01de538c7cba46bc3c6c8bf2822e8	BC32.MRG:115	64	32	sprite	MAIN	MRG/BC32.MRG/BC32.MRG_115.png
9972ed556b9aaaaa008c21b845fdd05724a1d39cd3fb6404ca9ed01c706e1f4e	BC32.MRG:12	64	32	sprite	MAIN	MRG/BC32.MRG/BC32.MRG_012.png
9b68f77fba1f8a7d04fc4f7dac163cc54b6edbcc0b813e79c02ee65367be8315	BC32.MRG:120	64	32	sprite	MAIN	MRG/BC32.MRG/BC32.MRG_120.png
50afc43910a9293c02b28d6b50dbdf29b13307f7ed7738b9300fc12606594b66	BC32.MRG:121	64	32	sprite	MAIN	MRG/BC32.MRG/BC32.MRG_121.png
419b6f87a8bd808ce413b974e40e0ebe0a9c5ccfaaca8a4b261eaff63508a61a	BC32.MRG:123	64	32	sprite	MAIN	MRG/BC32.MRG/BC32.MRG_123.png
6a85de2794919bb4835c6e17ebd8c94a02479c88460dcb14931b0594b2046908	BC32.MRG:124	64	32	sprite	MAIN	MRG/BC32.MRG/BC32.MRG_124.png
e7968e256467a4cf77debd8f82c6211e7ef838a4654a0a304434cb1222906976	BC32.MRG:126	64	32	sprite	MAIN	MRG/BC32.MRG/BC32.MRG_126.png
fcf15a44bc6a79b59413e9ec3912ce784803222d377a1142248b32cd657ab8db	BC32.MRG:127	64	32	sprite	MAIN	MRG/BC32.MRG/BC32.MRG_127.png
73fadfa4cbfb4499e64fba1c5589dbb131fbb50dc584e77245c43417e1e8b6f1	BC32.MRG:129	64	32	sprite	MAIN	MRG/BC32.MRG/BC32.MRG_129.png
327ee0530e5680cdb4ffe60533bdc741ab853811ae0fab94fb535a26c90edb91	BC32.MRG:13	64	32	sprite	MAIN	MRG/BC32.MRG/BC32.MRG_013.png
e19e345912ac890e48da96dd78338f58130094340d87c1b0fb58eb752c1b8d43	BC32.MRG:130	64	32	sprite	MAIN	MRG/BC32.MRG/BC32.MRG_130.png
4bb67a49c2f1aba22c4cba0cbe2e8015cd2f9074311b15e9e91a07d73c714cc1	BC32.MRG:132	64	32	sprite	MAIN	MRG/BC32.MRG/BC32.MRG_132.png
2da6f99e94bfa9db5659efc32ca7c530172d20c111ac34e22853196e93dc66a4	BC32.MRG:133	64	32	sprite	MAIN	MRG/BC32.MRG/BC32.MRG_133.png
e99525244db5ca363b9efb1f9f16fc01880a3d37ed5cf339c23eef330ab5f66d	BC32.MRG:135	64	32	sprite	MAIN	MRG/BC32.MRG/BC32.MRG_135.png
746b2caa56305cd8d977b396a8246999203dd7d022a087c8a6969aa12d0c0975	BC32.MRG:136	64	32	sprite	MAIN	MRG/BC32.MRG/BC32.MRG_136.png
1db0f8944ee8e2f4675c335c0b15ad9baeb51fd06e09a1dc7e1dfd2a0753bc55	BC32.MRG:138	64	32	sprite	MAIN	MRG/BC32.MRG/BC32.MRG_138.png
4612d086ea6955566de697caf62e188e86d7118b530cfa86f9969d49908907eb	BC32.MRG:139	64	32	sprite	MAIN	MRG/BC32.MRG/BC32.MRG_139.png
92fc5c5221f0a376ce5328d0e9b52e42d6b0f2f747c909a79d7a53506087036b	BC32.MRG:14	32	32	sprite	MAIN	MRG/BC32.MRG/BC32.MRG_014.png
06b1c6a6785652125b5b5ae7a5d0158098a1cf56103aa54cbb20f9cdcd265940	BC32.MRG:15	64	32	sprite	MAIN	MRG/BC32.MRG/BC32.MRG_015.png
c8f4e461e74f5688039932be458b97c74ba16c56a7e9a1097673029c381a53e1	BC32.MRG:16	64	32	sprite	MAIN	MRG/BC32.MRG/BC32.MRG_016.png
ef2abcb46b62ae62aa18ac62a63a21cc1788a84b6d73c3b14bb66dcd5a816ce2	BC32.MRG:17	32	32	sprite	MAIN	MRG/BC32.MRG/BC32.MRG_017.png
c903756d6d2693fd2ddfd92bc1309776dfc5c717676976e0a40941f7f34ae080	BC32.MRG:18	64	32	sprite	MAIN	MRG/BC32.MRG/BC32.MRG_018.png
4497b1d0f49eee86f387ebe37964079924a0b6c0269afc87e96795adc0a97bb6	BC32.MRG:19	64	32	sprite	MAIN	MRG/BC32.MRG/BC32.MRG_019.png
00914612fbd4eb537c62e2b8490cd333194e5ed5d30081d9bfc245f6d1385097	BC32.MRG:2	32	32	sprite	MAIN	MRG/BC32.MRG/BC32.MRG_002.png
99cbb00ab36619f25cfac4100cc9d85b7900a3754123050dcf6ce390b7a559fb	BC32.MRG:20	32	32	sprite	MAIN	MRG/BC32.MRG/BC32.MRG_020.png
f8ad58128dac3df051b614e7c7893b47419cf81da67c69a10cf67809ed3f7fdc	BC32.MRG:21	64	32	sprite	MAIN	MRG/BC32.MRG/BC32.MRG_021.png
a2c01cba1f7db98b6794300022bceac08e256f168f781c1aeaab9d1753f5ce6c	BC32.MRG:22	64	32	sprite	MAIN	MRG/BC32.MRG/BC32.MRG_022.png
37601bcc1a2e3b2feb51e390360b1a32fa0379c22ab5a89663e989875b4a21c8	BC32.MRG:23	32	32	sprite	MAIN	MRG/BC32.MRG/BC32.MRG_023.png
dfd4fbd4184f33cbf71c3642879c7d4e0fe9c1cd56361ae6457b0ab14d9dacd8	BC32.MRG:24	64	32	sprite	MAIN	MRG/BC32.MRG/BC32.MRG_024.png
2ac34e8e770d1074e0f0561449c7283a55b7f6ce970267a3bf2d41e9dabef078	BC32.MRG:25	64	32	sprite	MAIN	MRG/BC32.MRG/BC32.MRG_025.png
2e4df92770f8e53d4a896129fbb51b308a62f75c12472fc92baa07e26901080c	BC32.MRG:26	32	32	sprite	MAIN	MRG/BC32.MRG/BC32.MRG_026.png
df4f937d4ce4e79ea4dbdfe98821272e81f556e4061dcebe5867b3eac7906310	BC32.MRG:27	64	32	sprite	MAIN	MRG/BC32.MRG/BC32.MRG_027.png
b1352c86b06970f2368783e263efa93829ec7d99262d02cf8d368c2217023234	BC32.MRG:28	64	32	sprite	MAIN	MRG/BC32.MRG/BC32.MRG_028.png
3e97319a8ff4d241fde8525e08b22a5c50f936a17579437f73ce604ec6f25a6b	BC32.MRG:29	32	32	sprite	MAIN	MRG/BC32.MRG/BC32.MRG_029.png
00eac55f7cc3afe384c3deb19048edfc3db228d82ba02faabac9464df70cd075	BC32.MRG:3	64	32	sprite	MAIN	MRG/BC32.MRG/BC32.MRG_003.png
ee77b026df08e2c1a1ffd19072c840183af695ab81f9b1f7f272de01514f23ce	BC32.MRG:30	64	32	sprite	MAIN	MRG/BC32.MRG/BC32.MRG_030.png
028420e6c3471468d6604c724a1d01279b48018a59ce831446c7aead82868b8a	BC32.MRG:31	64	32	sprite	MAIN	MRG/BC32.MRG/BC32.MRG_031.png
7309378c2328d0d7fdf3865a93786830167984c666ea98d8658f2f598be2065b	BC32.MRG:32	32	32	sprite	MAIN	MRG/BC32.MRG/BC32.MRG_032.png
f8d34e803028d22527390c3f7bad504e78b6957bd66c46c2a931d7c9133c7af5	BC32.MRG:33	64	32	sprite	MAIN	MRG/BC32.MRG/BC32.MRG_033.png
f3a790449a6e13bef39a16d644fe4dcca94dbfdedb1a3ff0562035816273eb9e	BC32.MRG:34	64	32	sprite	MAIN	MRG/BC32.MRG/BC32.MRG_034.png
0ce7fe03b99564a0325c2c4e9915d138e9588c25f3e45519caeb096585616d5c	BC32.MRG:35	32	32	sprite	MAIN	MRG/BC32.MRG/BC32.MRG_035.png
625f4e3877e7e4797a6976970538256420d707f87870f2ed1a5965f3009197be	BC32.MRG:36	64	32	sprite	MAIN	MRG/BC32.MRG/BC32.MRG_036.png
c1bd6ae82057df10b009f23f45a88a4892a0d6006d27307d8921f58859098d92	BC32.MRG:37	64	32	sprite	MAIN	MRG/BC32.MRG/BC32.MRG_037.png
87b74c5488f6ef8af1253b577428d29bd1b6c8e126ca093834287166ca241f65	BC32.MRG:38	32	32	sprite	MAIN	MRG/BC32.MRG/BC32.MRG_038.png
41d069bf9fc9d006244310f596e4263d0799862af7d2a77a88bde1b022495ccf	BC32.MRG:39	64	32	sprite	MAIN	MRG/BC32.MRG/BC32.MRG_039.png
c51359c4bd97daea1e71fa88727564f2fd136f338a477a8e35a97e2858b4571a	BC32.MRG:4	64	32	sprite	MAIN	MRG/BC32.MRG/BC32.MRG_004.png
993a08f25196923534ab85865e454992c8fcc0e1b404f56e267b7367927fbbdf	BC32.MRG:40	64	32	sprite	MAIN	MRG/BC32.MRG/BC32.MRG_040.png
130e743e0c1f7f6c1a7438630f4c3fa22691ce625c8174172caf3ca7c58f9e34	BC32.MRG:41	32	32	sprite	MAIN	MRG/BC32.MRG/BC32.MRG_041.png
c262409db6f9a2fc5bd5cbc20b600e1adc1f09efa2fba603c1ee7058cf432984	BC32.MRG:42	64	32	sprite	MAIN	MRG/BC32.MRG/BC32.MRG_042.png
2f205b1bd91a68beeb7bae70c02f56881d7f5183b3ec75a0f61d37210488f215	BC32.MRG:43	64	32	sprite	MAIN	MRG/BC32.MRG/BC32.MRG_043.png
82906f32524d21cf5aecaef11bafa10f1b32a8ba0f0f64a1378c78db971debb9	BC32.MRG:44	32	32	sprite	MAIN	MRG/BC32.MRG/BC32.MRG_044.png
a1c2824a4ee9298f6377812d7e5517f07afbcc08b96d7f12093141602fcda06a	BC32.MRG:45	64	32	sprite	MAIN	MRG/BC32.MRG/BC32.MRG_045.png
6eea6efdc071f3e158fbfcd84cc0d2f8fec7a1fac9ff807aceee14a13ec4545d	BC32.MRG:46	64	32	sprite	MAIN	MRG/BC32.MRG/BC32.MRG_046.png
87ea1c9a5bcae062fa762f3b828506e1912e4b13cc0b4cacdf7d1541d3275c23	BC32.MRG:47	32	32	sprite	MAIN	MRG/BC32.MRG/BC32.MRG_047.png
ef176f3855b729e7eb6de114fa596adc1498ce15fdcbfcf64cd7925878f1d690	BC32.MRG:48	64	32	sprite	MAIN	MRG/BC32.MRG/BC32.MRG_048.png
36876ee6ca01a89ceded6690530537eb9b963fbca66c2b452faa4224daca86bb	BC32.MRG:49	64	32	sprite	MAIN	MRG/BC32.MRG/BC32.MRG_049.png
7a9b085ce6d8c612149f8c18b6d971b2677d129aa667631536f8a2390d856d60	BC32.MRG:5	32	32	sprite	MAIN	MRG/BC32.MRG/BC32.MRG_005.png
1c59ab7103992bd5818ad50d9012cec6c5f0030ce95ea85f9edf35c27875ad08	BC32.MRG:50	32	32	sprite	MAIN	MRG/BC32.MRG/BC32.MRG_050.png
59671966a91f4f34cadb81bac890d9ccae5886f7ebcb414cc200a1a1dfc62755	BC32.MRG:51	64	32	sprite	MAIN	MRG/BC32.MRG/BC32.MRG_051.png
109e1c4b4f71ab3eacc46166c9d00fc433aa66eb103af7f5dfe69ccd58e76ca0	BC32.MRG:52	64	32	sprite	MAIN	MRG/BC32.MRG/BC32.MRG_052.png
3e1fd89ddd73e82a69d96381d32571b743aa71b75ebfe612ede01e8ce30f2583	BC32.MRG:53	32	32	sprite	MAIN	MRG/BC32.MRG/BC32.MRG_053.png
7f7ccaf5941cd34729a47e8d9884ddeff10db262c729586290de380c0d95ec77	BC32.MRG:54	64	32	sprite	MAIN	MRG/BC32.MRG/BC32.MRG_054.png
7a0819ba78568fe7850c91d1cad25194ba43a80640758f14b2381282e64a789a	BC32.MRG:55	64	32	sprite	MAIN	MRG/BC32.MRG/BC32.MRG_055.png
b38c80c743bd3334afdc052b5c135c3e1862196b92e648a724f51acea6ea46fd	BC32.MRG:56	32	32	sprite	MAIN	MRG/BC32.MRG/BC32.MRG_056.png
6adf9d478ca72ee8772f60d3178eb97671ad6c2dc4b9f9238e8ebd55034f89b0	BC32.MRG:57	64	32	sprite	MAIN	MRG/BC32.MRG/BC32.MRG_057.png
cce703cb22d24a7df9c183f4303083206581943587c601a1892b709c9669eeb5	BC32.MRG:58	64	32	sprite	MAIN	MRG/BC32.MRG/BC32.MRG_058.png
a5b782fe513688abf43cb69c65c65ed7a60adbec7b9f2c6b259d5ef055b00984	BC32.MRG:59	32	32	sprite	MAIN	MRG/BC32.MRG/BC32.MRG_059.png
6585b0abe165c439a01564521fef7f64b71a85c8141c54e6f3791f30d3fcfe87	BC32.MRG:6	64	32	sprite	MAIN	MRG/BC32.MRG/BC32.MRG_006.png
32a38f4160a37ba9b2453565473fbeb059edaf7d85f4b5690beef349ea3dcc3b	BC32.MRG:60	64	32	sprite	MAIN	MRG/BC32.MRG/BC32.MRG_060.png
207f0844208b8f73c428791959504ae43354f2e37c5fa8a547a21b4725ed55f2	BC32.MRG:61	64	32	sprite	MAIN	MRG/BC32.MRG/BC32.MRG_061.png
35ad3b2afa69f6d325fc4e01bf275ec75b14c229092993b8828d0a6e5f81c7b4	BC32.MRG:62	32	32	sprite	MAIN	MRG/BC32.MRG/BC32.MRG_062.png
6d28fc839f7d31cd3c85c360af16a28f5ce13c434d91feb74450827917f42eff	BC32.MRG:63	64	32	sprite	MAIN	MRG/BC32.MRG/BC32.MRG_063.png
4f06f5554251f6e9af6faa9d716f370c7a0367e258c8f9ceb9840c7ebcc7dc6a	BC32.MRG:64	64	32	sprite	MAIN	MRG/BC32.MRG/BC32.MRG_064.png
d71cac711b90576b665d7692267e00fc3543691f136452cb839f16035ada494f	BC32.MRG:65	32	32	sprite	MAIN	MRG/BC32.MRG/BC32.MRG_065.png
74ffec054cdf3e8023ae6946c3354e3bffaa97ae2c159e78c862232ad487c625	BC32.MRG:66	64	32	sprite	MAIN	MRG/BC32.MRG/BC32.MRG_066.png
7440e6602a705e233f86e838bd391b3dd1cdaec3f38512e4ecd2d59c48f93f34	BC32.MRG:67	64	32	sprite	MAIN	MRG/BC32.MRG/BC32.MRG_067.png
32b2f34fdf9adc635b94383bcc462c825179145a07be6c2cc31d431b423fac65	BC32.MRG:68	32	32	sprite	MAIN	MRG/BC32.MRG/BC32.MRG_068.png
1657af0615a1ab0646c85411c2298554343d10efc30bc3176542fb20f52ba872	BC32.MRG:69	64	32	sprite	MAIN	MRG/BC32.MRG/BC32.MRG_069.png
970a8bba0e2745b9aa5bff1093b876d52e5cc6128b36e89d0bcaaa229babcbd8	BC32.MRG:7	64	32	sprite	MAIN	MRG/BC32.MRG/BC32.MRG_007.png
88c8e0b7ea0ceddbf8938edf108c6cb3f7b7442c54a7b8306c5c7dd8a0bf3e7e	BC32.MRG:70	64	32	sprite	MAIN	MRG/BC32.MRG/BC32.MRG_070.png
c97e7287b3af2cba76dc4b43f12c2d76090fe0e3e570ea14b07569525fac9316	BC32.MRG:71	32	32	sprite	MAIN	MRG/BC32.MRG/BC32.MRG_071.png
15a4ac9d3526a489561a188526975a3da0bef926094bbb5fb4c3f2eb0905cf48	BC32.MRG:72	64	32	sprite	MAIN	MRG/BC32.MRG/BC32.MRG_072.png
da62959387ebd799a27432bfd2bde43f1147d843aad64efbc2ed8b1a30ab84ef	BC32.MRG:73	64	32	sprite	MAIN	MRG/BC32.MRG/BC32.MRG_073.png
4c2c769f4d607d3150372052840a83c63ad466249d742c159d7844ddbe2af377	BC32.MRG:75	64	32	sprite	MAIN	MRG/BC32.MRG/BC32.MRG_075.png
f0c137b310243cc46b9624eda80051565f63f8223f461d30f8f056b0df7738c0	BC32.MRG:76	64	32	sprite	MAIN	MRG/BC32.MRG/BC32.MRG_076.png
5ebc608ee59ea554ea1c400e5d31b3ba557d11f2d50f9ee549955d7b780916f5	BC32.MRG:78	64	32	sprite	MAIN	MRG/BC32.MRG/BC32.MRG_078.png
c72f3c470ab06345db9abef8f4f8cbebc14f9b8c9717096529c778a6609476d1	BC32.MRG:79	64	32	sprite	MAIN	MRG/BC32.MRG/BC32.MRG_079.png
b3dbc04b88b709f09a362aa494cf541e3d116e6675b5f3a78becb6f9a8e3331a	BC32.MRG:8	32	32	sprite	MAIN	MRG/BC32.MRG/BC32.MRG_008.png
0c97ca99b2b7aa0ece53a745b658fa5ea47653f8ac637f0763f78d658c0c809a	BC32.MRG:81	64	32	sprite	MAIN	MRG/BC32.MRG/BC32.MRG_081.png
4090c2c3f2d61b118bb600042fe1886ffe9c20fd4026d5a3dc5d02f2c38a4712	BC32.MRG:82	64	32	sprite	MAIN	MRG/BC32.MRG/BC32.MRG_082.png
10989298a74814e6f8c8985f4ee5ee1247cf27c4d42c367864dd7ae974e5329e	BC32.MRG:84	64	32	sprite	MAIN	MRG/BC32.MRG/BC32.MRG_084.png
3a73b4d7275a6f19639b1a52db26fdc092250db04862aff047c7a4da34dd2396	BC32.MRG:85	64	32	sprite	MAIN	MRG/BC32.MRG/BC32.MRG_085.png
e56a0a296e4d0a797eb542043e5b22e1e4c28ae329a37e7ed73bacf733ef3327	BC32.MRG:87;BC32.MRG:105	64	32	sprite	MAIN	MRG/BC32.MRG/BC32.MRG_087.png
51690d2e44323e3d7db27bd3c88f5ed6ca2777e9e729546eaf38db1ee2b3bebd	BC32.MRG:88;BC32.MRG:106	64	32	sprite	MAIN	MRG/BC32.MRG/BC32.MRG_088.png
d5c3500049957d67051b9795e58ac36034d4c7bc0104337207a85c188df42e53	BC32.MRG:9	64	32	sprite	MAIN	MRG/BC32.MRG/BC32.MRG_009.png
9c53a7eca6502aa925c835433676b738de7de72b365363b8b842d19701d173dd	BC32.MRG:90	64	32	sprite	MAIN	MRG/BC32.MRG/BC32.MRG_090.png
34f89a4460e40b3420b704731e3a27d7fac9043809fecb957601a78f30216085	BC32.MRG:91	64	32	sprite	MAIN	MRG/BC32.MRG/BC32.MRG_091.png
3dd49f52770b67d7fef9462308e12db5267b6f6e48bdee692b85534074178300	BC32.MRG:93	64	32	sprite	MAIN	MRG/BC32.MRG/BC32.MRG_093.png
6d58976948865383881ac14ad68933c06318b6d5852edce31f5cf0efced82890	BC32.MRG:94	64	32	sprite	MAIN	MRG/BC32.MRG/BC32.MRG_094.png
69c6c6ec94005af4c92c0d8b389997caa094bc339000adcb9ba9837630cb48eb	BC32.MRG:96	64	32	sprite	MAIN	MRG/BC32.MRG/BC32.MRG_096.png
03bbc07f11ee63a10ca99de3275f2a9b12a22dae841947ddd003c124e9fe71f6	BC32.MRG:97	64	32	sprite	MAIN	MRG/BC32.MRG/BC32.MRG_097.png
c9154caf4a9a583d83799cb9ff2c872f06b383ced3f76b42ba7312acac044420	BC32.MRG:99	64	32	sprite	MAIN	MRG/BC32.MRG/BC32.MRG_099.png
95981f8b836839ebe2e39172f6f4dadf1f222beb69e93c0fa9fd2430d31c666d	BOMB.MRG:0	32	32	sprite	MAIN	MRG/BOMB.MRG/BOMB.MRG_000.png
d8bb59fce2881182a372ed51fead94fba293f53227a5b4b53ab98eaa1ac07019	BOMB.MRG:1	32	32	sprite	MAIN	MRG/BOMB.MRG/BOMB.MRG_001.png
4fe1641f5393059be6ffd45784a84c9ff463a6b445126a9d323ad86d3e3707b7	BOMB.MRG:2	32	32	sprite	MAIN	MRG/BOMB.MRG/BOMB.MRG_002.png
0d6e7d9017dd65badec66a92d8a7a708fedd3f0f8917ec4786eb57f9f8c653e7	BOMB.MRG:3	32	32	sprite	MAIN	MRG/BOMB.MRG/BOMB.MRG_003.png
43a7d11c722efdfed53ad0a93d10f7dda07eb4fb4fec496c58bcea32edbb8937	BSTAGE.MRG:0	576	176	sprite	MAIN	MRG/BSTAGE.MRG/BSTAGE.MRG_000.png
2ffb72e92b592af3c8cd93a468dbbd5a60b4e4411e163d88a1dc638d0f748601	BSTAGE.MRG:1	576	176	sprite	MAIN	MRG/BSTAGE.MRG/BSTAGE.MRG_001.png
178b6fea55ae432fa16ff627fb7127f3dee6fc58716c50a83e088b86f61f14b2	BSTAGE.MRG:2	576	176	sprite	MAIN	MRG/BSTAGE.MRG/BSTAGE.MRG_002.png
7a2966d7587482bbb108b6db790a6aa78d9fe328f3b68fa0a547d7ca6a2403d3	BSTAGE.MRG:3	576	176	sprite	MAIN	MRG/BSTAGE.MRG/BSTAGE.MRG_003.png
b132ede9dc48ca9a367485de64caa4298a275b67e9922213c800ab8015a4f113	BSTAGE.MRG:4	592	176	sprite	MAIN	MRG/BSTAGE.MRG/BSTAGE.MRG_004.png
766a5d57d626f9c3ae7380a8a5411566d3f49f011a5866e78a1c7c63f5983623	BSTAGE.MRG:5	576	176	sprite	MAIN	MRG/BSTAGE.MRG/BSTAGE.MRG_005.png
2e72359a97692b234a3de2b9d08d38e69a9ed364106f11d9126d28b2e31b549b	BSTAGE.MRG:6	576	176	sprite	MAIN	MRG/BSTAGE.MRG/BSTAGE.MRG_006.png
0fdc2d21e0d4edf6c58f028f74723a8dc40244f8fc88a6b58c9370b5ef5e5125	BSTAGE.MRG:7	576	176	sprite	MAIN	MRG/BSTAGE.MRG/BSTAGE.MRG_007.png
ca4ad232bf0eaf5bd2747a2a8e49107af7fbf02d6997cbcc0df8d5ef7d240942	BUTTON.MRG:0	24	24	sprite	MAIN	MRG/BUTTON.MRG/BUTTON.MRG_000.png
793620f74419ace13a27582ad2398da8a18b7cac6b6c9006d9dfe95103f7dfe9	BUTTON.MRG:1	24	24	sprite	MAIN	MRG/BUTTON.MRG/BUTTON.MRG_001.png
d623a285f3b4028e63fc33eef279e75924bfc140d82026f8287c52e5ca840897	BUTTON.MRG:10	24	24	sprite	MAIN	MRG/BUTTON.MRG/BUTTON.MRG_010.png
6f49ffa459869bea615f006e60d0b7a6ae5db0c673c8dbfcb06f8c1c491d7bf4	BUTTON.MRG:11	24	24	sprite	MAIN	MRG/BUTTON.MRG/BUTTON.MRG_011.png
1ffed6a8659013278d44af7598767a93989581b7ab5f95679d8bfe194ac59c40	BUTTON.MRG:12	24	24	sprite	MAIN	MRG/BUTTON.MRG/BUTTON.MRG_012.png
6b0eebbc46e202ccfbf06eafe365459681f1024321f6b4685ef9bba717776f53	BUTTON.MRG:13	24	24	sprite	MAIN	MRG/BUTTON.MRG/BUTTON.MRG_013.png
ab637bfd5873a4ffdacb834ebedd30179d81d34fb3a73cc5fd3bfb4cea5fca69	BUTTON.MRG:14	64	24	sprite	MAIN	MRG/BUTTON.MRG/BUTTON.MRG_014.png
32c660bc1fc520e6cb855bca81e3f2593f13f0ca9013fd23c1bbe797a70d8459	BUTTON.MRG:15	64	24	sprite	MAIN	MRG/BUTTON.MRG/BUTTON.MRG_015.png
377370b57eb0358c4de6120960cfec89b8f776a1f8bf2ea9f450637c5211296a	BUTTON.MRG:16	16	16	sprite	MAIN	MRG/BUTTON.MRG/BUTTON.MRG_016.png
b5c24ec74a7cc4bffc15522cf52dd081ddcf893546a0b318622c00b9d51940a1	BUTTON.MRG:17	16	16	sprite	MAIN	MRG/BUTTON.MRG/BUTTON.MRG_017.png
854e475ba9fc87c8031f87f857e02687bf5f55e2daade42c8bf64223faa6487f	BUTTON.MRG:18	16	16	sprite	MAIN	MRG/BUTTON.MRG/BUTTON.MRG_018.png
96f2cc94dad305702b6cfea38c5c2b4c51e86490a2525d3323bd1384f27947a7	BUTTON.MRG:19	16	16	sprite	MAIN	MRG/BUTTON.MRG/BUTTON.MRG_019.png
605d3859cf66eda3db2a5573de47eb84d73079278687687fded4e9c0f42fef82	BUTTON.MRG:2	24	24	sprite	MAIN	MRG/BUTTON.MRG/BUTTON.MRG_002.png
1b1ef92b7c9c782fac0d3ddf0a9aea1019184681e037f5c9db24f478301551c6	BUTTON.MRG:20	32	32	sprite	MAIN	MRG/BUTTON.MRG/BUTTON.MRG_020.png
6c3f719dbdb7fe4e7192f57b16606bcf051ace664540caf37a046c52da45f485	BUTTON.MRG:3	24	24	sprite	MAIN	MRG/BUTTON.MRG/BUTTON.MRG_003.png
3334922bed346a3faff0757976060001fb96f9d8a29ab0b2f338284966adf0ab	BUTTON.MRG:4	24	24	sprite	MAIN	MRG/BUTTON.MRG/BUTTON.MRG_004.png
957e114ba15f5640ae259389ebdb2aa1c352278029160ad77ef9c1aef7286402	BUTTON.MRG:5	24	24	sprite	MAIN	MRG/BUTTON.MRG/BUTTON.MRG_005.png
ff47b671a2ae1f1a2f37717bc7a0dae933fb90292aec2339a320ecda51e25985	BUTTON.MRG:6	24	24	sprite	MAIN	MRG/BUTTON.MRG/BUTTON.MRG_006.png
9d8b6ac1180b30f57b537b6e4a22135c7a6a51f122e4e3ef83c8192421ccde02	BUTTON.MRG:7	24	24	sprite	MAIN	MRG/BUTTON.MRG/BUTTON.MRG_007.png
de8dfde1016890875048d9d31db6ea9ae29fa9225dce4629bcc07a3091a158b0	BUTTON.MRG:8	24	24	sprite	MAIN	MRG/BUTTON.MRG/BUTTON.MRG_008.png
00b5bdc1bf8696133e44d19f0e970e2dd11853918baf9d85fc6c942c125dbeca	BUTTON.MRG:9	24	24	sprite	MAIN	MRG/BUTTON.MRG/BUTTON.MRG_009.png
45addaf967c7ea9304aec46ca4143b8090dbf70a57f3173c6cad26577d780b77	CANNON.MRG:0	272	88	bg	MAIN	MRG/CANNON.MRG/CANNON.MRG_000.png
d1d3c5c5fb614290b0d00114e491de475b596a657c09179114054901634dbecd	CANNON.MRG:1	272	88	bg	MAIN	MRG/CANNON.MRG/CANNON.MRG_001.png
969e1bfb2ab66f158ffae087e19f68b372d265c96ee4b949823adc331651b52b	CANNON.MRG:2	272	88	bg	MAIN	MRG/CANNON.MRG/CANNON.MRG_002.png
4c0263866ccbf1113445a98fee4958fb10c3b04b1c11ba5b528bbf78578c66fe	CANNON.MRG:3	272	88	bg	MAIN	MRG/CANNON.MRG/CANNON.MRG_003.png
5cb65b16bcf34814fb86466c06cacfcded25381c4ab2869b9c8a6fc017bd8a69	CANNON.MRG:4	272	88	bg	MAIN	MRG/CANNON.MRG/CANNON.MRG_004.png
3b040d21245a8841d443e5ef9ac4462b953fd9a848b59d4e4032842c7f8712bb	CANNON.MRG:5	272	88	bg	MAIN	MRG/CANNON.MRG/CANNON.MRG_005.png
7cb984e81eda2b53df8ff96c5589522b4e7c5c602b3726b137182d3946f31bae	CANNON.MRG:6	272	88	bg	MAIN	MRG/CANNON.MRG/CANNON.MRG_006.png
e177b568cc6db377d5c6024841cfda7d438dcbe9c73d8fac837a27beb3b84107	CANNON.MRG:7	272	88	bg	MAIN	MRG/CANNON.MRG/CANNON.MRG_007.png
01dcaaa096bf037d15a4f88bcb3bb7c5eead8cf43dfa38fe092679dfba72cb4c	COIN.BIN:0	32	32	sprite	OP7.RGB	BIN/COIN.BIN_000.png
4a05b5b701a719181b7b5bddd931e51a8185d9145e3ada802e4522217c53d7d2	COIN.BIN:1	32	32	sprite	OP7.RGB	BIN/COIN.BIN_001.png
a0b4712e321d01e26adce45f03829c165da4fdf271150fb20e1db14e827a9de3	COIN.BIN:10	32	32	sprite	OP7.RGB	BIN/COIN.BIN_010.png
fbd1e6f205c32f6148ebab441b554994337ae63c4a9bf02324bdb97c383c7f35	COIN.BIN:11	32	32	sprite	OP7.RGB	BIN/COIN.BIN_011.png
c7f094d3f0caf590accfa4c1279b1e682f56c5dacbc20fa7f7e40e56a5ceda05	COIN.BIN:13	32	32	sprite	OP7.RGB	BIN/COIN.BIN_013.png
e4e5fdb76cbe5116de3a25bddf0bc747888d4234a3046d76072dfe554ef44ac3	COIN.BIN:14	32	32	sprite	OP7.RGB	BIN/COIN.BIN_014.png
9db059d5f57db24e8b12347059c93e3a0fa0961e9df051a6406562d486d6bb88	COIN.BIN:15	32	32	sprite	OP7.RGB	BIN/COIN.BIN_015.png
5f335529c3f4d742e94d74d0ca8c9d2197dc6b4eb421fd0fa4ed8302cd01d9c5	COIN.BIN:2	32	32	sprite	OP7.RGB	BIN/COIN.BIN_002.png
3c5d9559661298cb508d6bd68d4f91ed794950d53fe1d0623456205061e71e29	COIN.BIN:3	32	32	sprite	OP7.RGB	BIN/COIN.BIN_003.png
1fb6cde2a7b8e8576a3f1197f8cf19683e40fa9271c22655bcc711a73359c125	COIN.BIN:4;COIN.BIN:12	32	32	sprite	OP7.RGB	BIN/COIN.BIN_004.png
abaa540af49e33198549cbb3a45f4cbb0921f87de24d7283e169a4b95782c15f	COIN.BIN:5	32	32	sprite	OP7.RGB	BIN/COIN.BIN_005.png
da69ebcdfd36af21f4f7c8320a8b41789daaa25e1ca5fcda77a2311b62f89986	COIN.BIN:6	32	32	sprite	OP7.RGB	BIN/COIN.BIN_006.png
e843e3a1aa7c27e5ae148296d21695ae549ccdd3ab4fbbfa4d8fc6976bf867da	COIN.BIN:7	32	32	sprite	OP7.RGB	BIN/COIN.BIN_007.png
9efc57c6675e10ef0e2093a7b400cbf25fe53f505d604de62365627c62c56931	COIN.BIN:8	32	32	sprite	OP7.RGB	BIN/COIN.BIN_008.png
9a944722521b613c436b704e71e8e7ae456f6e7533447c09a495c164a5767115	COIN.BIN:9	32	32	sprite	OP7.RGB	BIN/COIN.BIN_009.png
ef4e68e1c3dbe8b3537a45865207de7181b794769edcc1d66a4f764f2ae9c6ef	CURSOR.MRG:0	24	24	sprite	MAIN	MRG/CURSOR.MRG/CURSOR.MRG_000.png
521470124a8b9d592ddfc18b381b8720db8d054e00377f873669df1d6707c19e	DEAD.MRG:0	64	32	sprite	MAIN	MRG/DEAD.MRG/DEAD.MRG_000.png
2e0c9d86060b7fa5ec646a1c421cdb9d6a019ea34e37df053045079cc8a4bf20	DEAD.MRG:1	64	32	sprite	MAIN	MRG/DEAD.MRG/DEAD.MRG_001.png
87dd9b5f7ef80e2ee5681154ab7efb50f550dea796d90ce96d00caef406d666f	DEAD.MRG:10	64	32	sprite	MAIN	MRG/DEAD.MRG/DEAD.MRG_010.png
7c96ffbdece86afbd7203d0f81bf747584f5bdc3cac627c40cedfab17c3eb529	DEAD.MRG:11	16	16	sprite	MAIN	MRG/DEAD.MRG/DEAD.MRG_011.png
59e17dae2b8130753f95a71a372cd7749d90f1d82b2929d73013ac79f30bb826	DEAD.MRG:12	16	16	sprite	MAIN	MRG/DEAD.MRG/DEAD.MRG_012.png
de9f9ccfa9d42aa2de526d8896621a0c26cdfa9400cbe6d85f2f1d82eb80b2af	DEAD.MRG:13	16	16	sprite	MAIN	MRG/DEAD.MRG/DEAD.MRG_013.png
f2c33e795dbb8a424d018da563018cb62a80d8b3b904b365440f1fe25d50e153	DEAD.MRG:14	16	16	sprite	MAIN	MRG/DEAD.MRG/DEAD.MRG_014.png
422514a2103aeadaa5c196d12062011725f7e107c9d83760b8cc6befcd21b7ad	DEAD.MRG:15	16	16	sprite	MAIN	MRG/DEAD.MRG/DEAD.MRG_015.png
4061cc706617a29c68bffb63d9f91a4fbe1d23833c53d7c0ba76b00b2201a2d4	DEAD.MRG:16	16	16	sprite	MAIN	MRG/DEAD.MRG/DEAD.MRG_016.png
6d99a1b959598bc18f9c93f9ec242510ef1e73c8a72b87d9aef618e84390710b	DEAD.MRG:17	16	16	sprite	MAIN	MRG/DEAD.MRG/DEAD.MRG_017.png
8795a9e78d4d327d05db3e6c1a70723f41ff8ab564fc66e08e655188737a60e4	DEAD.MRG:18	16	16	sprite	MAIN	MRG/DEAD.MRG/DEAD.MRG_018.png
60659ecdb633e9c8cfaf56b94cfb4ac3313cd57ac408ded2f77d18e4fe963b86	DEAD.MRG:2	64	32	sprite	MAIN	MRG/DEAD.MRG/DEAD.MRG_002.png
881beb461e82d5b75e31cc33eee81b6b8a39a9e9ba43a3a87e093474e730027b	DEAD.MRG:3	64	32	sprite	MAIN	MRG/DEAD.MRG/DEAD.MRG_003.png
e5049189f9ad2dfde8c1025b86839a6b0b869b70274df93a960cdef494c29468	DEAD.MRG:4	64	32	sprite	MAIN	MRG/DEAD.MRG/DEAD.MRG_004.png
b8889972f226a519b78ee8e2d6381a751afc01edbd64d8a26251c7e9c97a4851	DEAD.MRG:5	64	32	sprite	MAIN	MRG/DEAD.MRG/DEAD.MRG_005.png
49cc7aeb77d6863e1eef286a8be571d7881f4d020e23263280974d11a98aa0b6	DEAD.MRG:6	64	32	sprite	MAIN	MRG/DEAD.MRG/DEAD.MRG_006.png
96dd952ed156d108260326b8b8b7a09439c9065ba654a43f59354a5a1e087bf4	DEAD.MRG:7	64	32	sprite	MAIN	MRG/DEAD.MRG/DEAD.MRG_007.png
dafa11251c73e0fff3d1dbbc1da6c401e940b6eed3de27f0a19e11fb8a08d5e1	DEAD.MRG:8	64	32	sprite	MAIN	MRG/DEAD.MRG/DEAD.MRG_008.png
16d6b150af4209bed5cf4ef800e764ababaee46dd8ad9b89d0166869574db9af	DEAD.MRG:9	64	32	sprite	MAIN	MRG/DEAD.MRG/DEAD.MRG_009.png
32ea40062c7099bfff0021576f893e7e65ac58492b3c394bbcc647f0260042d9	ED0.GS	640	400	bg	ED0.RGB	GS/ED0.GS.png
64a320ea81bf976aa7ecd96862e63a797b192a32835d34f26ca2ce9949cbb803	ED1.GS	640	400	bg	ED1.RGB	GS/ED1.GS.png
fa552d237a4fab9e23df2fdf91b5360c0ed9339a096458ea406ee785b9c4ba61	ED2.GS	640	400	bg	ED2.RGB	GS/ED2.GS.png
5fe0879c8d9b4343f3a191b4d17aeb02d340509850356d6b9f3f4f06f19a1d31	ED3.GS	640	400	bg	ED3.RGB	GS/ED3.GS.png
e10dab1d851c170e8caed9b73686377b2a06efca5eb1317308d1dff683d43115	ED4.GS	640	400	bg	ED4.RGB	GS/ED4.GS.png
854cd68ebc6f62e1ce0d3b5dbeab8cc3eae97367457a3946f8188042c345ba7d	ED5.GS	640	400	bg	ED5.RGB	GS/ED5.GS.png
db771a2d3c03d76b41460f42c1c0d8cdd059354702e773d1f37d5b7ae661edd8	ED6.GS	640	400	bg	ED6.RGB	GS/ED6.GS.png
219127b3f33e6657a0216b142e3fb7f40ca5e22df7f1cd150a5351c2ff90f443	ED7.GS	640	400	bg	ED7.RGB	GS/ED7.GS.png
4496fdfc041dd2319d9d36bca3c0eb15e7d71b353b7cebe784aa87d83de53b4f	EXIST.MRG:0	16	16	sprite	MAIN	MRG/EXIST.MRG/EXIST.MRG_000.png
18ee9e52376cfc29288030ade7f5144a8387671056a5af25798716c4c08d5669	EXIST.MRG:1	16	16	sprite	MAIN	MRG/EXIST.MRG/EXIST.MRG_001.png
b3670adfcac8dc4cf4d1357b69cf27bd06fe240f5bd2db22c40d3cfce096499c	EXIST.MRG:2;EXIST.MRG:tail	16	16	sprite	MAIN	MRG/EXIST.MRG/EXIST.MRG_002.png
73c4af8634b16ee5cac411a5c8fd0a5089c8b10a93fe59c265bcbe93a16427ea	FACE.MRG:0	128	160	face	MAIN	MRG/FACE.MRG/FACE.MRG_000.png
64f118bf8ec85934f7616ff7c6c32883e70a347c401388d281e48228fcbdc76c	FACE.MRG:1	128	160	face	MAIN	MRG/FACE.MRG/FACE.MRG_001.png
0c2d7a0314a2b4119400b856c59fbfdfe99abb1941cb84282309197da71c095f	FACE.MRG:10	128	160	face	MAIN	MRG/FACE.MRG/FACE.MRG_010.png
ca15c1857cc7523202670938e1d679a6952f72a53516b92bdf9d7156e834afd4	FACE.MRG:11	128	160	face	MAIN	MRG/FACE.MRG/FACE.MRG_011.png
2a1b8aede2790cc1353bc51d4011b98616090aee9e482789e2b37361c90766b8	FACE.MRG:12	128	160	face	MAIN	MRG/FACE.MRG/FACE.MRG_012.png
d3aee4bf8977a296bbbf887241dedbabecde99a9b6fb0306e609778963a67118	FACE.MRG:13	128	160	face	MAIN	MRG/FACE.MRG/FACE.MRG_013.png
9f4a9810a6758a3cf421865e4bfccd1f48400be66b06e301f8f632cf721de010	FACE.MRG:14	128	160	face	MAIN	MRG/FACE.MRG/FACE.MRG_014.png
febf42e1ca30e2503fc3145fa10a15975d2e5bd36fcdbb1151332c3f4696ec41	FACE.MRG:15	128	160	face	MAIN	MRG/FACE.MRG/FACE.MRG_015.png
cf0e496e1f83de8d17eed2bd8b7485059daa01313a659bc39e9543e7568403bf	FACE.MRG:16	128	160	face	MAIN	MRG/FACE.MRG/FACE.MRG_016.png
ba85d87eb862a04222604375854af824205243365e20dfe88afbf243fa039d9d	FACE.MRG:17	128	160	face	MAIN	MRG/FACE.MRG/FACE.MRG_017.png
07e0bc8ab3397cd313ad8dfe774335d4ae9d93dce72550434a296fab8ec194ba	FACE.MRG:18	128	160	face	MAIN	MRG/FACE.MRG/FACE.MRG_018.png
2204eabd85c0d442dcdd7cd5eb1a73616513c08fda38c0e16bf4f148dadeb62c	FACE.MRG:19	128	160	face	MAIN	MRG/FACE.MRG/FACE.MRG_019.png
626a20f88752784f74045f38ff23df66629043dae042956e2a2d861926ab2e95	FACE.MRG:2	128	160	face	MAIN	MRG/FACE.MRG/FACE.MRG_002.png
1a2e9100d6714e028f8b93fd714a80f8f3e7c546334d47c17f87eac980a16fa1	FACE.MRG:20	128	160	face	MAIN	MRG/FACE.MRG/FACE.MRG_020.png
2e9d736cd633b12d5c35783648702e0784ef9846b200dcef973488a2d757f51a	FACE.MRG:21	128	160	face	MAIN	MRG/FACE.MRG/FACE.MRG_021.png
3d143679493d6f27ca21cc75fcae3bf93d0c0a16429d2f39bceaef2771addb4e	FACE.MRG:22	128	160	face	MAIN	MRG/FACE.MRG/FACE.MRG_022.png
11cb08013b6e3989a12cbe4e6e4623dad718c927cc267dcdc8797f4912fb9047	FACE.MRG:23	128	160	face	MAIN	MRG/FACE.MRG/FACE.MRG_023.png
5ed31b72d13e3fde1521d0da758f9f75f2c0abca9e3e62b447c86481563e0398	FACE.MRG:24	128	160	face	MAIN	MRG/FACE.MRG/FACE.MRG_024.png
21d7a17242500d7864223563012f93ab7ff1304a0ef323eced579dfb3af34805	FACE.MRG:25	128	160	face	MAIN	MRG/FACE.MRG/FACE.MRG_025.png
32bf038ccf4d609a035c7d6bebe8924fc3b04858ff22e498c71c7222db7badca	FACE.MRG:26	128	160	face	MAIN	MRG/FACE.MRG/FACE.MRG_026.png
badc35f32c3405849ebd1acbf9208f50b948ad0dca92da32c80f33d696779208	FACE.MRG:27	128	160	face	MAIN	MRG/FACE.MRG/FACE.MRG_027.png
17f154630ff041b4feb589adbec6c87ed56cc6f385b2a0604144c1719431f316	FACE.MRG:28	128	160	face	MAIN	MRG/FACE.MRG/FACE.MRG_028.png
266a3d79592f54bf08d15f44f89100a5585a08bb9301a79ed1684d4b1ebc7432	FACE.MRG:29	128	160	face	MAIN	MRG/FACE.MRG/FACE.MRG_029.png
7bd82c5fab0daf831b9d804974a651c62875913b3b0aa9ff85bcb13099779540	FACE.MRG:3	128	160	face	MAIN	MRG/FACE.MRG/FACE.MRG_003.png
108795ef967067ece09277fe78b2fdd0fe63f315912a091942dc583284eb013f	FACE.MRG:30	128	160	face	MAIN	MRG/FACE.MRG/FACE.MRG_030.png
a50914616d040255ce433127d7a8f64436c94f8564075c240003e4b6e23917c2	FACE.MRG:31	128	160	face	MAIN	MRG/FACE.MRG/FACE.MRG_031.png
81b44b9ba8b4ae7ac8a83267d8f5a1c9c7700c466a4aaf6740fcb6150aa4a1fd	FACE.MRG:32	128	160	face	MAIN	MRG/FACE.MRG/FACE.MRG_032.png
78a68f6add18375ce084fdbf9a812c53479723e9c5c8a58e9b2217e0c8c8465b	FACE.MRG:33	128	160	face	MAIN	MRG/FACE.MRG/FACE.MRG_033.png
fb077909f601ca19a0f1488a1edd081f9b0cd0b87aa6cac435945faa288eaa4d	FACE.MRG:34	128	160	face	MAIN	MRG/FACE.MRG/FACE.MRG_034.png
487e8bdbd375736301b05b28500aeca9bb6ee35fd200df01d5309672345e19f8	FACE.MRG:35	128	160	face	MAIN	MRG/FACE.MRG/FACE.MRG_035.png
cc1ce14964738c16738ee6370e4e39b19a7214ab9d4c19742353b5ab343cbb9c	FACE.MRG:36	128	160	face	MAIN	MRG/FACE.MRG/FACE.MRG_036.png
7aa1d2ea69bc32d4a7079b839b1f6537102862adf6bba54b8f6b8cb8db953ad7	FACE.MRG:37	128	160	face	MAIN	MRG/FACE.MRG/FACE.MRG_037.png
8c1422a1d67c60c0cffe39d687288e75892e00eee2c15fe340065b3b8d252dd8	FACE.MRG:38	128	160	face	MAIN	MRG/FACE.MRG/FACE.MRG_038.png
a21207422d819072ea26792b2f9e3423e9980d67e5dc78df1f4e8f0fb33608db	FACE.MRG:39	128	160	face	MAIN	MRG/FACE.MRG/FACE.MRG_039.png
86809dccb8e6dd35b98e5213184ef78f2dc4739e18f4bba917763985a2a77929	FACE.MRG:4	128	160	face	MAIN	MRG/FACE.MRG/FACE.MRG_004.png
c6c382ea61430fee02d50a670e0fb08b12c6a92d35b479af21aa23afd05ba33d	FACE.MRG:40	128	160	face	MAIN	MRG/FACE.MRG/FACE.MRG_040.png
e88693033a7822279e9f74b358468386a38532659819fde8d14aad8742b18c60	FACE.MRG:41	128	160	face	MAIN	MRG/FACE.MRG/FACE.MRG_041.png
812809ce225940743d9ed1db7e2293ef4b4f9a73637e446b3de162bf9c87f86e	FACE.MRG:42	128	160	face	MAIN	MRG/FACE.MRG/FACE.MRG_042.png
82d4d44b622a4e6dbfc5500921cd6e2f921b48c8561a8d273904ce599c40c2f6	FACE.MRG:43	128	160	face	MAIN	MRG/FACE.MRG/FACE.MRG_043.png
0ffe8098f0c93c1be55aa8c51945bd7ee8d593fbc6dc11a38a2d15fbc3eb8814	FACE.MRG:44	128	160	face	MAIN	MRG/FACE.MRG/FACE.MRG_044.png
5404af12e04164bfef886a9351892d7ca5020f5a9dca62f3d256f72e8cdbe891	FACE.MRG:45	128	160	face	MAIN	MRG/FACE.MRG/FACE.MRG_045.png
972b06694400213e7a48e9d0660836be77511a8dd1c515f233561a99082855da	FACE.MRG:46	128	160	face	MAIN	MRG/FACE.MRG/FACE.MRG_046.png
af330039b33fbd8672f0a2a0a6015a3a5fb89251329cbf15c647a4895d4d69b6	FACE.MRG:47	128	160	face	MAIN	MRG/FACE.MRG/FACE.MRG_047.png
52016561f768c7763e42f1a428805cfc0d7aeca9500a1e8d442740eb336ea977	FACE.MRG:48	128	160	face	MAIN	MRG/FACE.MRG/FACE.MRG_048.png
23b1b5cc5145c6264dc1e9bd162693a3d28f215444fb8dd8e5dc679400fdb8fc	FACE.MRG:49	128	160	face	MAIN	MRG/FACE.MRG/FACE.MRG_049.png
da1a9d424ce891525bbe7acb4cb62beefd71915a3c0279626adf1042b4a2fe26	FACE.MRG:5	128	160	face	MAIN	MRG/FACE.MRG/FACE.MRG_005.png
0b685493574b6551f8897eb35e782f820c65a47760847ba2df3173fb7028222f	FACE.MRG:50	128	160	face	MAIN	MRG/FACE.MRG/FACE.MRG_050.png
57d6171e5e4b32cc28fd6fd03338682c22a73a73d660fe6fe2a479f1beecac14	FACE.MRG:51	128	160	face	MAIN	MRG/FACE.MRG/FACE.MRG_051.png
ad4eb7b8f4a36d0f1c5cbe2b56156f3fc469b26172161e1829af954930e664b5	FACE.MRG:52	128	160	face	MAIN	MRG/FACE.MRG/FACE.MRG_052.png
1ef594d3064f00313d7a6265d4e7ff521e139072be1fd442d86514309d81a948	FACE.MRG:53	128	160	face	MAIN	MRG/FACE.MRG/FACE.MRG_053.png
349f5bef409f35334946bad1a046a8d1fd8003f6621e2e1580e9fbe0b6235bc3	FACE.MRG:54	128	160	face	MAIN	MRG/FACE.MRG/FACE.MRG_054.png
56bb06a7a600e1a556f4d731bd02c59d1d4eb0c4646a858c3acc124886a7976c	FACE.MRG:55	128	160	face	MAIN	MRG/FACE.MRG/FACE.MRG_055.png
6d69b45b86c751141f57d41fb75c788617b2e18a3337708c8048ef6916477d7a	FACE.MRG:56	128	160	face	MAIN	MRG/FACE.MRG/FACE.MRG_056.png
280a15aa4e636249402d5ef911ecff522e8a8f8854cf0228069c8df68928fdfb	FACE.MRG:57	128	160	face	MAIN	MRG/FACE.MRG/FACE.MRG_057.png
d4ef07fc6e4b79557bd5d40205ffd8eab57a2b2b7fbd81244280c347c3b4014b	FACE.MRG:58	128	160	face	MAIN	MRG/FACE.MRG/FACE.MRG_058.png
8908a6bf2f831b8fbce9c67b61df62653442bb1e676b650e301145b701b6ae56	FACE.MRG:59	128	160	face	MAIN	MRG/FACE.MRG/FACE.MRG_059.png
a096c0be5966de69868afb73d665fe4aa41cbda09036d9fba70446dc62004c4d	FACE.MRG:6	128	160	face	MAIN	MRG/FACE.MRG/FACE.MRG_006.png
7c5cac918e3b040fd27b60094de53db387507249da9f3604748f93e148afb641	FACE.MRG:60	128	160	face	MAIN	MRG/FACE.MRG/FACE.MRG_060.png
e214536706e467626f127ae497bf94e6950c99e9aea049118642194cdc72c63a	FACE.MRG:61	128	160	face	MAIN	MRG/FACE.MRG/FACE.MRG_061.png
bb26a46a7005bd6e50246844641027ecd6aeea901bafaac5adf4231c9e042718	FACE.MRG:62	128	160	face	MAIN	MRG/FACE.MRG/FACE.MRG_062.png
3c32bb81a177a8207344f45372f29814de5bfb8188ef9163646a9c9d2d6a23b7	FACE.MRG:63	128	160	face	MAIN	MRG/FACE.MRG/FACE.MRG_063.png
5bb459eb12788c22bc7a9683c2c761ae520d9078691be922fae767345ca646a8	FACE.MRG:64	128	160	face	MAIN	MRG/FACE.MRG/FACE.MRG_064.png
e691ad03191ba08431119e80595b43b859f32c4540cb96e08f87c03fbfeec52c	FACE.MRG:65	128	160	face	MAIN	MRG/FACE.MRG/FACE.MRG_065.png
1369207f2d931ef87c5ec27b158673bf3ca76e66fcaa3f908ab826b5b2cb818e	FACE.MRG:66	128	160	face	MAIN	MRG/FACE.MRG/FACE.MRG_066.png
88fbac833126aecf65d1f9bb4171fce4edeb27c5261c416977e28fccb7fac663	FACE.MRG:67	128	160	face	MAIN	MRG/FACE.MRG/FACE.MRG_067.png
5c705449503aafabdcba163f042bc0b5d242342d0c24a84fe1d8321e1f0a07bd	FACE.MRG:68	128	160	face	MAIN	MRG/FACE.MRG/FACE.MRG_068.png
f5fbf834893bd1f3a00905df70b6535813ff81b806afa1c51a5580bdb8d90b19	FACE.MRG:69	128	160	face	MAIN	MRG/FACE.MRG/FACE.MRG_069.png
b0c3e5a74342c4cf9790227f200bb1b0943244a6c46731224e63efea7f07f05f	FACE.MRG:7	128	160	face	MAIN	MRG/FACE.MRG/FACE.MRG_007.png
d14342cd7d0fdf0b00d5e4ad24c21001a947f83ebf85a5862911338e9879a8ce	FACE.MRG:70	128	160	face	MAIN	MRG/FACE.MRG/FACE.MRG_070.png
e25393ef0e73c82d407757e1f5e34c93abd00ed13c196cce643f0845f21a3ddd	FACE.MRG:71;FACE.MRG:72;FACE.MRG:73;FACE.MRG:74;FACE.MRG:75;FACE.MRG:85;FACE.MRG:93;FACE.MRG:94;FACE.MRG:95;FACE.MRG:100;FACE.MRG:101;FACE.MRG:102;FACE.MRG:103;FACE.MRG:104;FACE.MRG:105	128	160	face	MAIN	MRG/FACE.MRG/FACE.MRG_071.png
02234f8974ff71cb380e389ad668713f653234ff1e94c24bb7ffcac95753947d	FACE.MRG:76	128	160	face	MAIN	MRG/FACE.MRG/FACE.MRG_076.png
986650ed53de66c09d2981d99e95bfa17c0b340ee2528045a5623739ce07434f	FACE.MRG:77	128	160	face	MAIN	MRG/FACE.MRG/FACE.MRG_077.png
d16d50dcbfd0d4609e103ec8b34227bc30de1b14850cb7e4b9b4649b846fdc0a	FACE.MRG:78	128	160	face	MAIN	MRG/FACE.MRG/FACE.MRG_078.png
a4e2685349f5c43b935c2ebbf86285193265a8fd9439b09280781efc33e5e36b	FACE.MRG:79	128	160	face	MAIN	MRG/FACE.MRG/FACE.MRG_079.png
6b3fc1d8aaefb98f51a5e8276e050578fae6187f9bac5d9596cf99633f009e67	FACE.MRG:8	128	160	face	MAIN	MRG/FACE.MRG/FACE.MRG_008.png
538b3e671ab66b56ada60d712268d715e65e79eff4a0ccfb23c3a0913a1a31d6	FACE.MRG:80	128	160	face	MAIN	MRG/FACE.MRG/FACE.MRG_080.png
a32cd80d0b1854b7f2e27faaebacb9524fc84bd831588d93a7125207d9e0c561	FACE.MRG:81	128	160	face	MAIN	MRG/FACE.MRG/FACE.MRG_081.png
337ba2baeffd47052930b4b06ac593dbdabc5832c4d49d670007340f5ea7a0a4	FACE.MRG:82	128	160	face	MAIN	MRG/FACE.MRG/FACE.MRG_082.png
542632d68b6c11f7c945be7038f29c13759f7932bd6e3fc5b31e479f4bd62880	FACE.MRG:83	128	160	face	MAIN	MRG/FACE.MRG/FACE.MRG_083.png
60cd2f3d27727b28bf77915e47e460c20e0b09ab902ddcfd6058a76ea677a09c	FACE.MRG:84	128	160	face	MAIN	MRG/FACE.MRG/FACE.MRG_084.png
d926963ff956574730b54a2754753d48c032dbc765efd596b054742d80e74598	FACE.MRG:86	128	160	face	MAIN	MRG/FACE.MRG/FACE.MRG_086.png
020d8465b79dc6d29660e5fefdc2aea3215c42843d68b4a4d0517c23784678dd	FACE.MRG:87	128	160	face	MAIN	MRG/FACE.MRG/FACE.MRG_087.png
0e22f74c28d2a6ba33c6fe3c5fe3b09fdbb6e9bbd5377934cdb10da1349e091d	FACE.MRG:88	128	160	face	MAIN	MRG/FACE.MRG/FACE.MRG_088.png
e5993330ed4d2306ea34602e67876fbfe5af754d006249d9264e5004c2fc4738	FACE.MRG:89	128	160	face	MAIN	MRG/FACE.MRG/FACE.MRG_089.png
b4b5b5a5817999b1abd74c515b629c3f29a786e6f4e2d5d4bb82d47b64a9c017	FACE.MRG:9	128	160	face	MAIN	MRG/FACE.MRG/FACE.MRG_009.png
49833dcf52cf0d7b41c7b40d17604c7b849b03cdfe8c896d4a85a59ef8435575	FACE.MRG:90	128	160	face	MAIN	MRG/FACE.MRG/FACE.MRG_090.png
6542cbaadeb8cebae4fac4c43d8907afbd78109597b1f400958c8fcbe40060b1	FACE.MRG:91	128	160	face	MAIN	MRG/FACE.MRG/FACE.MRG_091.png
f5a58fffaee7fd6cc66d6a31109b13bba42f24ec7aa6dfea9a2ef82e603908a8	FACE.MRG:92	128	160	face	MAIN	MRG/FACE.MRG/FACE.MRG_092.png
6862bcc17565f791fae24ed84b2850c455da36fdfb3c74ac59d991595f666a9d	FACE.MRG:96	128	160	face	MAIN	MRG/FACE.MRG/FACE.MRG_096.png
25578820a11a564dac5037764d1d2dbeabb72ad86c37622766b2f4f00d0b92d8	FACE.MRG:97	128	160	face	MAIN	MRG/FACE.MRG/FACE.MRG_097.png
889bd065fa3d969a06cefd260261a2eb28562a84e9c482f801497ab7fa7410ab	FACE.MRG:98	128	160	face	MAIN	MRG/FACE.MRG/FACE.MRG_098.png
23cb1f2352356318d38b10062e5937c80ccbf08311cf2af7ea4451edf9004390	FACE.MRG:99	128	160	face	MAIN	MRG/FACE.MRG/FACE.MRG_099.png
55bc23690d569ca59b8b739cf207b6cb79100461e6c3e327149fc7ec689af8e1	FCHAR.MRG:0	32	32	sprite	MAIN	MRG/FCHAR.MRG/FCHAR.MRG_000.png
ae3c84a63bbaa3b26a9fe1f2b49ef05e8d1beae292d9d89329780f1b2ba4d000	FCHAR.MRG:1	32	32	sprite	MAIN	MRG/FCHAR.MRG/FCHAR.MRG_001.png
970a2b07ca99910a5a30bd348028e8bd4f9767280ae9f520c8831e6fded139fb	FCHAR.MRG:10	32	32	sprite	MAIN	MRG/FCHAR.MRG/FCHAR.MRG_010.png
713600b4dc68b1e8b5759ba2c2cf82020db4c9c0a6c4ab87d422441f3e9e87d1	FCHAR.MRG:11	32	32	sprite	MAIN	MRG/FCHAR.MRG/FCHAR.MRG_011.png
bacb88db30580516e21e0c0c09750437b39c76cc8ef3c9df21009b74763ab797	FCHAR.MRG:12	32	32	sprite	MAIN	MRG/FCHAR.MRG/FCHAR.MRG_012.png
1221124ea8d70209d704b00db353fca048be0095da3508b328db435f461ee356	FCHAR.MRG:13	32	32	sprite	MAIN	MRG/FCHAR.MRG/FCHAR.MRG_013.png
49be73e03d9159a8550bad9f0e0df4d19f8d8cf440c4c3c107f6cf6129047d71	FCHAR.MRG:14	32	32	sprite	MAIN	MRG/FCHAR.MRG/FCHAR.MRG_014.png
fb386b70d54e96255ccd1d7c6bb399c0d173543fb086f017db2a58ede6306a3c	FCHAR.MRG:15	32	32	sprite	MAIN	MRG/FCHAR.MRG/FCHAR.MRG_015.png
e07a2dc1ddfd953ca8222bb276afde6eda1911e80bd5b9728dbadbb929a7b16d	FCHAR.MRG:16	32	32	sprite	MAIN	MRG/FCHAR.MRG/FCHAR.MRG_016.png
84a809200834c198b5b1d8da0abc9069af3a1db973b18a4facc5a9d1e8ac97dd	FCHAR.MRG:17	32	32	sprite	MAIN	MRG/FCHAR.MRG/FCHAR.MRG_017.png
2db4ea443786744fcedac4f0e700b62ea1ac0e458255237de7b230cf4578f6f1	FCHAR.MRG:18	32	32	sprite	MAIN	MRG/FCHAR.MRG/FCHAR.MRG_018.png
c48100077ecc6abab18f410bd5f65e247db95ee22e24a38856ed96dee075eb7d	FCHAR.MRG:19	32	32	sprite	MAIN	MRG/FCHAR.MRG/FCHAR.MRG_019.png
ff85250a071b13e4b5bbfb29731a9a372974b22e0303d093b765fa2454f9ec18	FCHAR.MRG:2	32	32	sprite	MAIN	MRG/FCHAR.MRG/FCHAR.MRG_002.png
797a7854c1c6f24c4ce9f6049c88abd2065860ad92e8cac6fe54238c11afca5d	FCHAR.MRG:20	32	32	sprite	MAIN	MRG/FCHAR.MRG/FCHAR.MRG_020.png
cb8095d47414d49ac39d11d1101d90a80c49eeb5bd589397faf3989406249823	FCHAR.MRG:21	32	32	sprite	MAIN	MRG/FCHAR.MRG/FCHAR.MRG_021.png
f55959b5f89a9d5c82c68cb361169fc59bbc1f0be40f3f6244983da21a3e1a47	FCHAR.MRG:22	32	32	sprite	MAIN	MRG/FCHAR.MRG/FCHAR.MRG_022.png
0ee85e7a1045708d3c3e6ae46cd5c679265607f517a9a80725fef438a005a1d7	FCHAR.MRG:23	32	32	sprite	MAIN	MRG/FCHAR.MRG/FCHAR.MRG_023.png
e771e0ae538f3667900699aeade1afe41b61543b850e75b5f6f439d59461ea5e	FCHAR.MRG:24	32	32	sprite	MAIN	MRG/FCHAR.MRG/FCHAR.MRG_024.png
c1ba5e854066327e607fda2eb9a733021ede4d6665cc4b10114f2736ca15487f	FCHAR.MRG:25	32	32	sprite	MAIN	MRG/FCHAR.MRG/FCHAR.MRG_025.png
1c052bd4b59952ccfdbb1168a3c1192a2460a7f46510898669e1adc788667819	FCHAR.MRG:3	32	32	sprite	MAIN	MRG/FCHAR.MRG/FCHAR.MRG_003.png
f739883c25a3015f15848e1c5fca5bb83e4bad1511a638ed9aefb5a1bcc7b32a	FCHAR.MRG:4	32	32	sprite	MAIN	MRG/FCHAR.MRG/FCHAR.MRG_004.png
017e09eb1b22ec17f8b399dd9d373fbb030f674f0b985972af22c7df988d7111	FCHAR.MRG:5	32	32	sprite	MAIN	MRG/FCHAR.MRG/FCHAR.MRG_005.png
0f55c15bbf17f42e07033833fe1e78041a09ba3f7ea32f57fd67e383997c9912	FCHAR.MRG:6	32	32	sprite	MAIN	MRG/FCHAR.MRG/FCHAR.MRG_006.png
adc780086624f12ea0d82dbb843da7d2977d2d46cd258dda53a72f98214d8294	FCHAR.MRG:7	32	32	sprite	MAIN	MRG/FCHAR.MRG/FCHAR.MRG_007.png
a849c1f454d879a4c3fabf916664cd20e3113388f382f72626d3ddd64e6dedcd	FCHAR.MRG:8	32	32	sprite	MAIN	MRG/FCHAR.MRG/FCHAR.MRG_008.png
8bf24e5f515bb8377ff1c28bd3f18d1299034c5863197f6d063441d4e659d404	FCHAR.MRG:9	32	32	sprite	MAIN	MRG/FCHAR.MRG/FCHAR.MRG_009.png
f5748d9e61e44ad540ab2d1efdd590d750457568076248dc19efa7ba16d8c9b8	GMAP.PXS	640	400	map	MAIN	PXS/GMAP.PXS.png
195e4987cf385a659c93dcf968b14ad2a51e847f5e7a1daa3d5fe57e2d363298	H-TXT.PCX	640	480	bg256	H-TXT.PCX	PCX/H-TXT.PCX.png
3702fb814ec44399315b6f2470be0795c147d3960b78a297f805300bdb8a7253	IMG.GS	640	400	bg	IMG.RGB	GS/IMG.GS.png
79de64c6a9a1bbea39d39fed11e40c9a21e637ae10cef04532c47428e1fce4a6	ITEM.MRG:0	24	24	sprite	MAIN	MRG/ITEM.MRG/ITEM.MRG_000.png
08a6bf0f65c694cc9dda5e922832f38c565f88cacfd3d3e3fc3b85b737e96f4d	ITEM.MRG:1	24	24	sprite	MAIN	MRG/ITEM.MRG/ITEM.MRG_001.png
eae9f2ecee20b7030082eba71aa44c3847d03baf08ec8b4338b6961a1db35e82	ITEM.MRG:10	24	24	sprite	MAIN	MRG/ITEM.MRG/ITEM.MRG_010.png
953b0903ebc0f6acf2b0fa013de158c86cc5b53860454dfd3b86f7c4bb47cd07	ITEM.MRG:11	24	24	sprite	MAIN	MRG/ITEM.MRG/ITEM.MRG_011.png
d24a7fbb9a78a79524130c93333fca8830ac32ab89c322df53266d19e86c5a64	ITEM.MRG:12	24	24	sprite	MAIN	MRG/ITEM.MRG/ITEM.MRG_012.png
1adf4fbeaa69e3f94b32733ba2f76360c0d6dedbe3ae4b2972ed507a3aaa11a2	ITEM.MRG:13	24	24	sprite	MAIN	MRG/ITEM.MRG/ITEM.MRG_013.png
84ee0e8594fa1f276510c2a2552d6db3524147e1bdb64b0f54dbb73d3d560687	ITEM.MRG:14	24	24	sprite	MAIN	MRG/ITEM.MRG/ITEM.MRG_014.png
b5ff7cbcb373e6f99b2625fdd2300ac79168c4f36144db91ec76f4803bbe35c5	ITEM.MRG:15	24	24	sprite	MAIN	MRG/ITEM.MRG/ITEM.MRG_015.png
4614c860e332eea3c44c5e9f98bedf4bebb6dc9753db20671d83ff041d622e11	ITEM.MRG:16	24	24	sprite	MAIN	MRG/ITEM.MRG/ITEM.MRG_016.png
328c0c285376eca7b5257817cb41413f3863012508a39029f312082cd1580fbf	ITEM.MRG:17	24	24	sprite	MAIN	MRG/ITEM.MRG/ITEM.MRG_017.png
f418743da1b4af3cb1c39684b27f8f6730cce14555b02269fc20ee6bc52ff1be	ITEM.MRG:18	24	24	sprite	MAIN	MRG/ITEM.MRG/ITEM.MRG_018.png
7aff3fa975a5f7d0d5ad5240ded0880112ec23b9169e7ee1b4517b3e093e0ad3	ITEM.MRG:19	24	24	sprite	MAIN	MRG/ITEM.MRG/ITEM.MRG_019.png
189a1db3ee2944a31cf2be64bfbae9ca7215563932be441ed75fac45f0a58e00	ITEM.MRG:2	24	24	sprite	MAIN	MRG/ITEM.MRG/ITEM.MRG_002.png
dd060f3d8593fbe077a14bd7bb8a25096706e35801bf65f071874a7e7bf11022	ITEM.MRG:20	24	24	sprite	MAIN	MRG/ITEM.MRG/ITEM.MRG_020.png
d362d7ef5dae1b221fd44001e7f1152f6492e1d81ba42c61e1562808cedef8ab	ITEM.MRG:21	24	24	sprite	MAIN	MRG/ITEM.MRG/ITEM.MRG_021.png
44dae7fc8de7649b438c20f105ab041d5b604b3aefc23c86b97da18b439e5a3b	ITEM.MRG:22	24	24	sprite	MAIN	MRG/ITEM.MRG/ITEM.MRG_022.png
1b18f6dcf41638e24d453cacd9a968bb975a7db06302f61f3f79cefb79dbe039	ITEM.MRG:23	24	24	sprite	MAIN	MRG/ITEM.MRG/ITEM.MRG_023.png
5912a700b5ab65a5d27bad1faac7e965fd750a6da94e74f80e000ff557b56312	ITEM.MRG:24	24	24	sprite	MAIN	MRG/ITEM.MRG/ITEM.MRG_024.png
733aaedec46332e2c6dda305d6a90465cedf6ef1712ed80814c33d1500499c7c	ITEM.MRG:25	24	24	sprite	MAIN	MRG/ITEM.MRG/ITEM.MRG_025.png
162d931d39d956408aae1b68d75d05b2c615d070f2e7e560098915543f79cf80	ITEM.MRG:26	24	24	sprite	MAIN	MRG/ITEM.MRG/ITEM.MRG_026.png
ae4012a88b17b52537dc29af9fdaa2869b39673f538e4f3083589fc566abe51f	ITEM.MRG:27	24	24	sprite	MAIN	MRG/ITEM.MRG/ITEM.MRG_027.png
ce79d05a6d4fd364d60ddeefe6c673a23b004c1b98feffecb3086701a19c1438	ITEM.MRG:28	24	24	sprite	MAIN	MRG/ITEM.MRG/ITEM.MRG_028.png
9b8231b086e66b80e95ee61570f99816483f1d30913a6e791c236e5e94f15929	ITEM.MRG:29	24	24	sprite	MAIN	MRG/ITEM.MRG/ITEM.MRG_029.png
f0255630a3bb2e1e396d9e8e995a97c6f8904062617db2b358bc20aae87cef0c	ITEM.MRG:3	24	24	sprite	MAIN	MRG/ITEM.MRG/ITEM.MRG_003.png
40446959e553dba1d817885cd54b6e3ed68b7ae3a8953f67c98a932cc50c46b7	ITEM.MRG:30	24	24	sprite	MAIN	MRG/ITEM.MRG/ITEM.MRG_030.png
2694b4f370c73b29128133e197cf90930b22c768246bc8341936d1988eff9b8d	ITEM.MRG:31	24	24	sprite	MAIN	MRG/ITEM.MRG/ITEM.MRG_031.png
93886d06ccaf6738ffa8917f352cbf8a2d08c9be96f29f1819c00ce739b12ed9	ITEM.MRG:32	24	24	sprite	MAIN	MRG/ITEM.MRG/ITEM.MRG_032.png
288ccf74e9485d74bc5c267f312e04831e659430c63a1a15764253613af847be	ITEM.MRG:33	24	24	sprite	MAIN	MRG/ITEM.MRG/ITEM.MRG_033.png
33457cb860e52790f1ac1660ad574e2b6f76c86fc7d2602e8fb8e205263765d2	ITEM.MRG:34	24	24	sprite	MAIN	MRG/ITEM.MRG/ITEM.MRG_034.png
96c7c02ff6d72d9803e4e87929165a668fcb7790a07acbc27a72d2b242e2e6b6	ITEM.MRG:35	24	24	sprite	MAIN	MRG/ITEM.MRG/ITEM.MRG_035.png
c58e2e13b8e2d08ecc0bd0531ad7a2a6b52d658a711b1a0087d55756219ab831	ITEM.MRG:36	24	24	sprite	MAIN	MRG/ITEM.MRG/ITEM.MRG_036.png
56173550ec61e168ecf4915c38111cec4c53df98925a55f1b7b5f5d37f92b81d	ITEM.MRG:37	24	24	sprite	MAIN	MRG/ITEM.MRG/ITEM.MRG_037.png
1d5c5c79b948663fc09b7a9e33c08ec8f9ad954c58fe3fd94dd604a5d1bde7ec	ITEM.MRG:38	24	24	sprite	MAIN	MRG/ITEM.MRG/ITEM.MRG_038.png
bc944fce467afbf99807e0adef461b89d0f71f4d15c42293ee11b1713761bf47	ITEM.MRG:39	24	24	sprite	MAIN	MRG/ITEM.MRG/ITEM.MRG_039.png
0ecaee1482bad5f067c3b491cdc5d81f4af40ae547c574fbcb33bd6c4548c933	ITEM.MRG:4	24	24	sprite	MAIN	MRG/ITEM.MRG/ITEM.MRG_004.png
bdc5098514c26e99d2a72790e06c59aa873dfb0124f50a767fdf34f87a16d49e	ITEM.MRG:40	24	24	sprite	MAIN	MRG/ITEM.MRG/ITEM.MRG_040.png
fdcb01ae6b350de88fbefb05dbb2e7343f7c9b4643ac7c842ffebdcf4f5d4bcf	ITEM.MRG:41	24	24	sprite	MAIN	MRG/ITEM.MRG/ITEM.MRG_041.png
6793eefecd9c08d22b3c65caa8aa972f215b33bf24a653f18c5860f482377c37	ITEM.MRG:42	24	24	sprite	MAIN	MRG/ITEM.MRG/ITEM.MRG_042.png
a7025ae3e2705f5d1c95566e4e2e06e417e61d679c88f1d650d11298edff6ca2	ITEM.MRG:43	24	24	sprite	MAIN	MRG/ITEM.MRG/ITEM.MRG_043.png
f95cf5a9fff2deb23f3617abb0475d6391258f00d573fe9bef9ca1aab1d60ced	ITEM.MRG:44	24	24	sprite	MAIN	MRG/ITEM.MRG/ITEM.MRG_044.png
9d3ef109b78f724aaa4a98614611280240e0dbd7643723151af3c7ad89b4d2f2	ITEM.MRG:45	24	24	sprite	MAIN	MRG/ITEM.MRG/ITEM.MRG_045.png
ee65b4dec8ca337e6bcf246dd1309dda395fd4f6bed6fb3e5d014f41b2194cfa	ITEM.MRG:46	24	24	sprite	MAIN	MRG/ITEM.MRG/ITEM.MRG_046.png
d77ca8f4a4b210ecef80e224f8d242c46168432ea81c7dd11621fca8e09351b6	ITEM.MRG:47	24	24	sprite	MAIN	MRG/ITEM.MRG/ITEM.MRG_047.png
ec2f108c883346047b6d881e24c43c903a8ba3628f205d0ca3a33ca346bd1bd8	ITEM.MRG:48	24	24	sprite	MAIN	MRG/ITEM.MRG/ITEM.MRG_048.png
3870201803933914694d98b77b298dec210dc7863dce8b361efd33bae40d0c7d	ITEM.MRG:49	24	24	sprite	MAIN	MRG/ITEM.MRG/ITEM.MRG_049.png
bfb1126c673c0bf53a2ebc395266ff21aa3633d8fbd4a111b23d561a352a8285	ITEM.MRG:5	24	24	sprite	MAIN	MRG/ITEM.MRG/ITEM.MRG_005.png
9375ba60d4b2d0b0852990dfe07ad1892c0676ab4e27f0838aa94f7d9459eef5	ITEM.MRG:50	24	24	sprite	MAIN	MRG/ITEM.MRG/ITEM.MRG_050.png
720c66b2c74301fd6e549da6b1e2232af2d1d77a5e30fc7d11791be1ed47d9ef	ITEM.MRG:51	24	24	sprite	MAIN	MRG/ITEM.MRG/ITEM.MRG_051.png
6ea2121a88bb23cc6a50300dc6a6a90a11002a2185a2f719c50c82e74c367274	ITEM.MRG:52	24	24	sprite	MAIN	MRG/ITEM.MRG/ITEM.MRG_052.png
85dc2ba4d646767dc07e3a462b883e541a1228f16a05c509dc81b63c9511a878	ITEM.MRG:53	24	24	sprite	MAIN	MRG/ITEM.MRG/ITEM.MRG_053.png
4fb22f2f8a328ddc3700ed8ccab71d05fed2e0047978e79ebb152d6dd206489f	ITEM.MRG:54	24	24	sprite	MAIN	MRG/ITEM.MRG/ITEM.MRG_054.png
f708cb8c6b768403652d992443b9a006809d0ac4d3171ce3a7f05a652a7e72e5	ITEM.MRG:55	24	24	sprite	MAIN	MRG/ITEM.MRG/ITEM.MRG_055.png
62a1bf24149a0d23f31625b68af4c5f5eaa9d94e0f6c32cb53885af655046bc7	ITEM.MRG:56	24	24	sprite	MAIN	MRG/ITEM.MRG/ITEM.MRG_056.png
15f4e081b64a603dcc769f288d0f0fedafb132785c3ace3ea563a621704f644e	ITEM.MRG:57	24	24	sprite	MAIN	MRG/ITEM.MRG/ITEM.MRG_057.png
d778dcef7fc9db15fd47bdcfa871812fd82dc35b1723b14cf9ac87cc89c0d0cb	ITEM.MRG:58	24	24	sprite	MAIN	MRG/ITEM.MRG/ITEM.MRG_058.png
eb1796c5100a69463ff18ac17bb04663b4f4015cc2fbdd6e6024a41227e4ab72	ITEM.MRG:59	24	24	sprite	MAIN	MRG/ITEM.MRG/ITEM.MRG_059.png
d4608752c9871120034c2ed4387c81a6afddbf1aae3d8692123d0779bc4b8238	ITEM.MRG:6	24	24	sprite	MAIN	MRG/ITEM.MRG/ITEM.MRG_006.png
d34b41301d9804de10e616f33ec686eaa899a2c2b02e70a7d37a158b7d5a5e0d	ITEM.MRG:7	24	24	sprite	MAIN	MRG/ITEM.MRG/ITEM.MRG_007.png
9348d3ba188636f1d086ab41c7552637b8b210694b5051a1cfbcd0e225cabdff	ITEM.MRG:8	24	24	sprite	MAIN	MRG/ITEM.MRG/ITEM.MRG_008.png
1b3273c8382f1340e7d9cc8a494eba5828dc979b74c923213a62ff378aafc677	ITEM.MRG:9	24	24	sprite	MAIN	MRG/ITEM.MRG/ITEM.MRG_009.png
3d6ff314231a6a14bd8df5497e8a0786350ce10d02d4bcda8746c25881f082ea	KOMA.MRG:0	24	24	sprite	MAIN	MRG/KOMA.MRG/KOMA.MRG_000.png
cb0788646e078ae141efd6dfd78abb89d40fccb6771716c65e07553850baca5d	KOMA.MRG:1	24	24	sprite	MAIN	MRG/KOMA.MRG/KOMA.MRG_001.png
2a2acc1ecb5fc26ff8dcbb25b5c7500d705249196b83e6e2ed96f888ee88185e	KOMA.MRG:10	24	24	sprite	MAIN	MRG/KOMA.MRG/KOMA.MRG_010.png
5fb709fa126ceff16d9e86ac9a3b66413460bb1d23190b7974f8aac1dcb18588	KOMA.MRG:11	24	24	sprite	MAIN	MRG/KOMA.MRG/KOMA.MRG_011.png
6f86f9541c49da52d20f89eb460f61885eb76e1ecede8f093a9db2890bb2ed75	KOMA.MRG:12	24	24	sprite	MAIN	MRG/KOMA.MRG/KOMA.MRG_012.png
1b1735a4605a0c32ee87a221dd9984bb1bfc9a74a38bf4fa19243452d2d01ed4	KOMA.MRG:13	24	24	sprite	MAIN	MRG/KOMA.MRG/KOMA.MRG_013.png
5c081f4c611210b48f7010461a3e042c6f7a7bb7d147f8aced2a3780f7a6c819	KOMA.MRG:14	24	24	sprite	MAIN	MRG/KOMA.MRG/KOMA.MRG_014.png
7f51b3f83774d7ced40f43a50f449c94148b127da74eeceaf7fbde6a3e562012	KOMA.MRG:15	24	24	sprite	MAIN	MRG/KOMA.MRG/KOMA.MRG_015.png
480c1e68102eb4b59444d8e930ab6ac751becae3ff377f34bd8d14005a6e7a39	KOMA.MRG:16	24	24	sprite	MAIN	MRG/KOMA.MRG/KOMA.MRG_016.png
dc9078c36a91b4f1fb0201dfe4bf631354fa49da959c9192b758ab651d66138f	KOMA.MRG:17	24	24	sprite	MAIN	MRG/KOMA.MRG/KOMA.MRG_017.png
f4a96f09a3adfd5033833ad9e885cf77b53d0aef704fd516835a88ceb3e82df8	KOMA.MRG:18	24	24	sprite	MAIN	MRG/KOMA.MRG/KOMA.MRG_018.png
d1d641acc3288d8085c83ea0e2bceeb778fdbc69d505c498b621682d546af7b4	KOMA.MRG:19	24	24	sprite	MAIN	MRG/KOMA.MRG/KOMA.MRG_019.png
17242cd138b688587f874d4a3cc7e39f93784c017a6da59f231d457bd7396d4a	KOMA.MRG:2	24	24	sprite	MAIN	MRG/KOMA.MRG/KOMA.MRG_002.png
f44be18cb5d5097e5bd4fd99812b07d5ebfa4a5cb4cac0eb68ec243546e3f8ae	KOMA.MRG:20	24	24	sprite	MAIN	MRG/KOMA.MRG/KOMA.MRG_020.png
75f2e11d008f8c43b22bd75bc85cba771bf8fbf001e6f4b8b2e2d16ecd63c5a0	KOMA.MRG:21	24	24	sprite	MAIN	MRG/KOMA.MRG/KOMA.MRG_021.png
5f1e518eebdffbf72dd5d2fc3e42346b20ebbc4cf4a266a3447096451c6387b0	KOMA.MRG:22	24	24	sprite	MAIN	MRG/KOMA.MRG/KOMA.MRG_022.png
97f4ae386923e2214888f1d8aba116a18b62fd5a6bbb6e3759cd38c4cb21650f	KOMA.MRG:23	24	24	sprite	MAIN	MRG/KOMA.MRG/KOMA.MRG_023.png
551d1f5ae03470e3b8c1a67be3849d47254cb3fbf58ea4ad36885144aa9c1a0b	KOMA.MRG:24	24	24	sprite	MAIN	MRG/KOMA.MRG/KOMA.MRG_024.png
00650ef07e054d4ea0e15954b3eb3e0a55c440cb05ee641fc726ed9d5eeaf3c0	KOMA.MRG:25	24	24	sprite	MAIN	MRG/KOMA.MRG/KOMA.MRG_025.png
d80e3da6f18ae5a83e6f5908b269023ecf1039d58dd4d2a3990ba62e8e0f2d3c	KOMA.MRG:26	24	24	sprite	MAIN	MRG/KOMA.MRG/KOMA.MRG_026.png
b0856f5dd5d37f8f57601fce15d957db796b99a638b10f498fdcd0c318366722	KOMA.MRG:27	24	24	sprite	MAIN	MRG/KOMA.MRG/KOMA.MRG_027.png
b2f1e7c1309b54fe3052287ca1e1334dd193ea3465c418fe400152f85ae5c734	KOMA.MRG:28	24	24	sprite	MAIN	MRG/KOMA.MRG/KOMA.MRG_028.png
ed8d5e7ea3a0cb4cdbdd97705ed461fc5960c6b5fa61ba7d02158330e981c051	KOMA.MRG:29	24	24	sprite	MAIN	MRG/KOMA.MRG/KOMA.MRG_029.png
17508bbad68f08ad0335c8717473d2c33f7fb80a2e4711dcf77ec818d637f02d	KOMA.MRG:3	24	24	sprite	MAIN	MRG/KOMA.MRG/KOMA.MRG_003.png
7fe27cd6c34e8acbacf7e6606678e913e69855036186e0a8780ff2e0629fc73d	KOMA.MRG:30	24	24	sprite	MAIN	MRG/KOMA.MRG/KOMA.MRG_030.png
d92fbdaabaacb3163f98b003035534b289da777dbb0a69b2b302fafa51726810	KOMA.MRG:31	24	24	sprite	MAIN	MRG/KOMA.MRG/KOMA.MRG_031.png
7cc98623c8736c93d4048138b1930fa4ff17464a6eddf7413e5bf7415d93c3ea	KOMA.MRG:32	24	24	sprite	MAIN	MRG/KOMA.MRG/KOMA.MRG_032.png
bbe13f0cb1c4ee64c5d6dafc839dfcaaf84dc955993857db5057c38c915d3801	KOMA.MRG:33	24	24	sprite	MAIN	MRG/KOMA.MRG/KOMA.MRG_033.png
ebb2d3fab122b913cd6be9b35172a3e8d29beae933c8b008bb00b9204f4bb778	KOMA.MRG:34	24	24	sprite	MAIN	MRG/KOMA.MRG/KOMA.MRG_034.png
f1c40ce9e455e3eea3847958304ddcea16c1558aeb1580bff59d20b353fdd72e	KOMA.MRG:35	24	24	sprite	MAIN	MRG/KOMA.MRG/KOMA.MRG_035.png
56cea6f5c3b32db405eb148f38e20fabc1168c1570778d5416d71adb3eaeeaf8	KOMA.MRG:36	24	24	sprite	MAIN	MRG/KOMA.MRG/KOMA.MRG_036.png
fb513722ed24cb22655b85120b165d5274851fc0023f65c630011944c494e136	KOMA.MRG:37	24	24	sprite	MAIN	MRG/KOMA.MRG/KOMA.MRG_037.png
82585cc7e9ba4d69ec8babfb1cb29b881df8a78d9c4cbb40bdd2a353df3ccefc	KOMA.MRG:38	24	24	sprite	MAIN	MRG/KOMA.MRG/KOMA.MRG_038.png
053b245035883083798b04631b7732b774675c24c78320507d914e54c2ca2b10	KOMA.MRG:39	24	24	sprite	MAIN	MRG/KOMA.MRG/KOMA.MRG_039.png
2dbedb6bd2b70928dca0415e2e1241e4af67c34e1c0485096a493eb2709f365e	KOMA.MRG:4	24	24	sprite	MAIN	MRG/KOMA.MRG/KOMA.MRG_004.png
56ce0e7119c581654b73fcf51004f9d0d913353c09bf5658d279a9adfa0984bb	KOMA.MRG:40	24	24	sprite	MAIN	MRG/KOMA.MRG/KOMA.MRG_040.png
bbdb3e08db2419e8cee20d967740c867bc3c32a8aa9ee643260f9fbfeebaca77	KOMA.MRG:41	24	24	sprite	MAIN	MRG/KOMA.MRG/KOMA.MRG_041.png
4f5f5acd4e45ec331e56075501ce5565b6d41806719a2ec1a1b441fa8375cd22	KOMA.MRG:42	24	24	sprite	MAIN	MRG/KOMA.MRG/KOMA.MRG_042.png
9a04b6b9c94ee2ae88610c770afbc3223b1c5bdbeb0e126ee1f61bc918920fb8	KOMA.MRG:43	24	24	sprite	MAIN	MRG/KOMA.MRG/KOMA.MRG_043.png
50df97ff873c282992f3bbeacc42ec5f32439cf0006a5f658b9d1503c610c557	KOMA.MRG:44	24	24	sprite	MAIN	MRG/KOMA.MRG/KOMA.MRG_044.png
bcfbcdb5e89c4926e57b0f38f7ca73dbacaa2dd0bd7c4d74a3b7e27e86bc0345	KOMA.MRG:45	24	24	sprite	MAIN	MRG/KOMA.MRG/KOMA.MRG_045.png
cf9a0f029645c8d12b4e816b600c58e79af196aa1eceb6d8c4fea06a72fbd151	KOMA.MRG:46	24	24	sprite	MAIN	MRG/KOMA.MRG/KOMA.MRG_046.png
02120361c7066c595664853bb5b6fd402124c439ea26c92f8a89521f3c7f91de	KOMA.MRG:47	24	24	sprite	MAIN	MRG/KOMA.MRG/KOMA.MRG_047.png
b11ea660803d5b110d19b474c0d98bcfd1a44d282e8d12d62fae8451c37015d0	KOMA.MRG:48	24	24	sprite	MAIN	MRG/KOMA.MRG/KOMA.MRG_048.png
58559b87a4166d36dbaea11dc21a2e9f73ff9b4f48da022c836ecf3d561e6248	KOMA.MRG:49	24	24	sprite	MAIN	MRG/KOMA.MRG/KOMA.MRG_049.png
4a03c156026a7dc5a30839e40b87c66a47876360f01560a17bad12bb9996d3e4	KOMA.MRG:5	24	24	sprite	MAIN	MRG/KOMA.MRG/KOMA.MRG_005.png
82c036704ca48a94fac84c83b0b248bda1a94d5d6a2021d21a56e6941095831c	KOMA.MRG:50	24	24	sprite	MAIN	MRG/KOMA.MRG/KOMA.MRG_050.png
10d1f94f56915da77b091b24893aa9a984c2e4bb3cdc20458d1d5ce3a77d18b6	KOMA.MRG:51	24	24	sprite	MAIN	MRG/KOMA.MRG/KOMA.MRG_051.png
18f7035f74cb14df09cf70a1d468ff642e81be6420504b3ef1315576621095be	KOMA.MRG:52	24	24	sprite	MAIN	MRG/KOMA.MRG/KOMA.MRG_052.png
3be002c1691ad8051c5597ab272fb96afbe4d6ffdacf6cb8c331619dc8f14a8a	KOMA.MRG:53	24	24	sprite	MAIN	MRG/KOMA.MRG/KOMA.MRG_053.png
3cf8bcc04e6e4212ae40aae74404b434d1ca8cb921a620d0713df365274e61be	KOMA.MRG:54	24	24	sprite	MAIN	MRG/KOMA.MRG/KOMA.MRG_054.png
89ab811b53bc6cd613d7e76a43d66fd0ced41afb611edd8035e519417ba3d2b6	KOMA.MRG:55	24	24	sprite	MAIN	MRG/KOMA.MRG/KOMA.MRG_055.png
37972df9a9d36eb694b03b23f5709f2545ca99f8690dd5a9fd1d815c6303f721	KOMA.MRG:56	24	24	sprite	MAIN	MRG/KOMA.MRG/KOMA.MRG_056.png
055f595b1d32b2b1905a7ee8838f396a68cffe47f4bdc2f8ed0b05a175e68b8a	KOMA.MRG:57	24	24	sprite	MAIN	MRG/KOMA.MRG/KOMA.MRG_057.png
72c6b50bfd35a822aa41dcc4ac90d0299a578509adb905f26205de54d4944328	KOMA.MRG:58	24	24	sprite	MAIN	MRG/KOMA.MRG/KOMA.MRG_058.png
04a327505ba2ea29cfcbe49def4ace248839b9103928783c1334f246c4f73c53	KOMA.MRG:59	24	24	sprite	MAIN	MRG/KOMA.MRG/KOMA.MRG_059.png
8012506b79627638fef5e5bd2f9c42c45c577350937a3f3b84714885f5bfe702	KOMA.MRG:6	24	24	sprite	MAIN	MRG/KOMA.MRG/KOMA.MRG_006.png
48827d752f4171005a31d83b6cedf02b170873b7e729e94f97cfbc3d2453b047	KOMA.MRG:60	24	24	sprite	MAIN	MRG/KOMA.MRG/KOMA.MRG_060.png
0c0126ba8a20b27a159f19e123dd952452ac56693b22b81ea6b47f9838c0e6e5	KOMA.MRG:61	24	24	sprite	MAIN	MRG/KOMA.MRG/KOMA.MRG_061.png
4befdd73541567f5219013be5387dc89375e95b38ae99ab7d4ee45d691d077ed	KOMA.MRG:62	24	24	sprite	MAIN	MRG/KOMA.MRG/KOMA.MRG_062.png
c5d1dc3dc340d69b167decea4c3d3e23a2691284087da7632c85e01315811727	KOMA.MRG:63	24	24	sprite	MAIN	MRG/KOMA.MRG/KOMA.MRG_063.png
98b80479faf99b52687c949bc548928ad143610b425d12c91712354bec75cd3a	KOMA.MRG:64	24	24	sprite	MAIN	MRG/KOMA.MRG/KOMA.MRG_064.png
31034c474fb6cae625500bbf50a2f0f703235569fbd19b9edea7ab3b3792e463	KOMA.MRG:65	24	24	sprite	MAIN	MRG/KOMA.MRG/KOMA.MRG_065.png
1a3275c9505b8544d569c2e67e75e2d99fb2e9ca7f8656a3b39285a6f84fb1c5	KOMA.MRG:66	24	24	sprite	MAIN	MRG/KOMA.MRG/KOMA.MRG_066.png
9a32ea2fbbc840a36d3805d1fb5543fc31da290582dcf0e53486e6247ada68a8	KOMA.MRG:67	24	24	sprite	MAIN	MRG/KOMA.MRG/KOMA.MRG_067.png
9f45547bebbe9b5e22cb81791ecafe9e218a43de349ac0512622ddc9b81c9e18	KOMA.MRG:68	24	24	sprite	MAIN	MRG/KOMA.MRG/KOMA.MRG_068.png
33f2be6e967f742be1ac31a638e504c9cb63c7ce23aced7c4175c10a51433dd2	KOMA.MRG:69	24	24	sprite	MAIN	MRG/KOMA.MRG/KOMA.MRG_069.png
a3f52c1c5daf38f92bfac30d9835bd15cd4414e4e20f4d913de464c5df07060b	KOMA.MRG:7	24	24	sprite	MAIN	MRG/KOMA.MRG/KOMA.MRG_007.png
e5d5e32dde635a89befb93b4c7367dd200608f752bc304646d21d0372c9e2483	KOMA.MRG:70	24	24	sprite	MAIN	MRG/KOMA.MRG/KOMA.MRG_070.png
27af45aa0663f3f2b966398ff83de9f2780140d06e40431efb9a4039ce3430ab	KOMA.MRG:71	24	24	sprite	MAIN	MRG/KOMA.MRG/KOMA.MRG_071.png
711c8682a5c827b6f0e5c89cf5f601952cc2117a20837d174f594581764116fe	KOMA.MRG:8	24	24	sprite	MAIN	MRG/KOMA.MRG/KOMA.MRG_008.png
e830f25b7edaca38e915cc5d654569e562932b0db34bc67079ad51538ae09307	KOMA.MRG:9	24	24	sprite	MAIN	MRG/KOMA.MRG/KOMA.MRG_009.png
c1cbee9c3977f14ccb2c103ad17a03e051cd59626fe7176d586998f3a937eed7	LTIME.MRG:0	32	32	sprite	MAIN	MRG/LTIME.MRG/LTIME.MRG_000.png
9428f005bb4c46d59ed42a56ef4e848dd83f102128845c638d7467e73312090a	LTIME.MRG:1	40	24	sprite	MAIN	MRG/LTIME.MRG/LTIME.MRG_001.png
d14689b0d2871527613095e19ac5338a372f04b04e70f25fa18e73556b6da76e	LTIME.MRG:10	24	48	sprite	MAIN	MRG/LTIME.MRG/LTIME.MRG_010.png
7452f378cf8d56482a152e296b9fbe2c785e901bbd4dd25d1f1c4ebbc9f143c1	LTIME.MRG:11	24	40	sprite	MAIN	MRG/LTIME.MRG/LTIME.MRG_011.png
70fbf89be718ed665b14d8720a4d799497643e55a6248c60e92379371cb89a4b	LTIME.MRG:12	32	32	sprite	MAIN	MRG/LTIME.MRG/LTIME.MRG_012.png
f05ca297a573bc4b89d8bc548f6f428844283ca957c2fcb4cc74642abaa67370	LTIME.MRG:2	48	24	sprite	MAIN	MRG/LTIME.MRG/LTIME.MRG_002.png
1d32a529da674d4f62db2c2ba8b69404c02a93262c411115bcb9f0d0545cfad8	LTIME.MRG:3	48	16	sprite	MAIN	MRG/LTIME.MRG/LTIME.MRG_003.png
0842efd4640704d24c81c35c8c323db9ce396956ebc01fe6a718307c67687672	LTIME.MRG:4	48	24	sprite	MAIN	MRG/LTIME.MRG/LTIME.MRG_004.png
755fc3e0f3f13fcdef817dce03fa55bf251f86de299d1500e67bfc6495d1a93f	LTIME.MRG:5	40	24	sprite	MAIN	MRG/LTIME.MRG/LTIME.MRG_005.png
655baabba98d24f601d0babcb3e9db8019c66a58722c87da11032f8bb96a1558	LTIME.MRG:6	32	32	sprite	MAIN	MRG/LTIME.MRG/LTIME.MRG_006.png
a8b6275df99ba2a53ce7186f0414573b5d2238b35726c8f0c5041969cc2a636f	LTIME.MRG:7	24	40	sprite	MAIN	MRG/LTIME.MRG/LTIME.MRG_007.png
d67c94b5a484aa7451aedcd4d3eb4f84061f79f7d45489511d282c227e2b0b32	LTIME.MRG:8	24	48	sprite	MAIN	MRG/LTIME.MRG/LTIME.MRG_008.png
d9ab5d331a626f22968d8d614e32860e313457297baf41ec67f2a2f07b769105	LTIME.MRG:9	16	48	sprite	MAIN	MRG/LTIME.MRG/LTIME.MRG_009.png
33dd151f17b9f15b5df7dc013750b21730f9f878cd29df33541409cc625da70e	MAP01.PXZ	640	400	map	MAIN	PXZ/MAP01.PXZ.png
9caa425e63bde3921170c1f275751fa0184e1b6e592aad187826fbb50e5e5769	MAP02.PXZ	640	400	map	MAIN	PXZ/MAP02.PXZ.png
6ff56facf244fc7d70b1eb084f5a0be4a743bc7be1de2d0fc8beeadaf8edde2c	MAP03.PXZ	640	400	map	MAIN	PXZ/MAP03.PXZ.png
cd76aa230ef61bdc961aea48a4dbd1ffb9a1f79093b5342cb653908babd727c9	MAP04.PXZ	640	400	map	MAIN	PXZ/MAP04.PXZ.png
af98cc612789a0ad6ce9b636e79ddde0de85ed6d8054e044f25b69c636a83924	MAP05.PXZ	640	400	map	MAIN	PXZ/MAP05.PXZ.png
b48956c418710171573ffa7331103111e802877dda51ffcf47a98ae9087a9089	MAP06.PXZ	640	400	map	MAIN	PXZ/MAP06.PXZ.png
f10b7ee4e921ccdf9ddac89d40622d52d9f07480b545be667b3f4299e24d909f	MAP07.PXZ	640	400	map	MAIN	PXZ/MAP07.PXZ.png
47143ef437caf98563d45b2cf4e49b6e77c1aead6e053593f24897d88f2505ce	MAP08.PXZ	640	400	map	MAIN	PXZ/MAP08.PXZ.png
170ca6afa028408063b0cc4122956b9fad3a19c99b58fcd857e3d3502ef0b451	MAP09.PXZ	640	400	map	MAIN	PXZ/MAP09.PXZ.png
62fe4725d153cc226961be281dac328a6d8f54502752e3544a53ca1a030bb458	MAP10.PXZ	640	400	map	MAIN	PXZ/MAP10.PXZ.png
a1ef142663aab397b6ef46f449c0108bf84b5c4352149be66146e0c66f8827fa	MAP11.PXZ	640	400	map	MAIN	PXZ/MAP11.PXZ.png
1a0c0e2305554421a89e86bccc35288109cfdfe35d25388f3457c137ce2fbe83	NOWEAPON.MRG:0	272	88	bg	MAIN	MRG/NOWEAPON.MRG/NOWEAPON.MRG_000.png
6e8e5f2bb4d640a682d2ebe4ee8bf3bf4f8629cb1f22ee62168c438497cc98bc	OP0.GS	320	400	bg	OP0.RGB	GS/OP0.GS.png
22eeab1c4a770f353f7ad3fb3f118c1fdb1d8f4f60440c50f3cebbfc2b0eedf8	OP1.GS	320	400	bg	OP1.RGB	GS/OP1.GS.png
a6c56749646806b3bb9063a954037f6ab2c56397a97d3a256e3ffc5a0ad08a30	OP10.GS	640	400	bg	OP10.RGB	GS/OP10.GS.png
54bed246d2d64e9882851e0d314779661dd42e895f9dc820d0692d5df5bdef69	OP2.GS	320	400	bg	OP2.RGB	GS/OP2.GS.png
532ee0afa83c30125cff38cfea436f3ab91e573dbeeb99f75b1a2e38a88bd20e	OP3.GS	320	400	bg	OP3.RGB	GS/OP3.GS.png
ea829d63ff6b4559c8b11f413eba23e8868a4eef339ece6ef8e1e4918e64bc47	OP4.GS	320	400	bg	OP4.RGB	GS/OP4.GS.png
f28ee39737fc274a53457aad0d0d0a9cde26b7a4ae1a4559af9adb9b44451050	OP5.GS	320	400	bg	OP5.RGB	GS/OP5.GS.png
ff7cfc6d6c52ef76c421656035b1c890366d9dc2d6cfeafe11a55bf3dcfa2846	OP6.GS	320	400	bg	OP6.RGB	GS/OP6.GS.png
5179ca82d36a15d47897f40c49035d68a39d404995c7aea5406a5c570ed1666e	OP7.GS	320	400	bg	OP7.RGB	GS/OP7.GS.png
eb2d918ef6768aafdc0fa6284399cef4db0905eb9098c64392a19927f54aa476	OP8.GS	640	100	bg	OP8.RGB	GS/OP8.GS.png
660837f356a1a8924884395a9d998f0912a6fea0c7e54029024cab083453c075	OP9.GS	128	64	bg	OP9.RGB	GS/OP9.GS.png
b3fd064f0a3c7da9411115db362618f95b78f62b2b266d2f282a3f75432a2af9	PANZER.MRG:0	272	88	bg	MAIN	MRG/PANZER.MRG/PANZER.MRG_000.png
be104f94eb2508a1313298ebfd58e838064dfc6bbf7579287e5a8bd9b3a8544c	PANZER.MRG:1	272	88	bg	MAIN	MRG/PANZER.MRG/PANZER.MRG_001.png
a1aee484d3ed64eabfbbf1efb8518e3098c516b0db8ef24f791cd91b7a52efe9	PANZER.MRG:2	272	88	bg	MAIN	MRG/PANZER.MRG/PANZER.MRG_002.png
c786c4827fc6a50a113aca8e780d3c3adb6d5b4507460334a4ea0915c276c420	PANZER.MRG:3	272	88	bg	MAIN	MRG/PANZER.MRG/PANZER.MRG_003.png
9050e4fdb4f0ae0243a512af23baf058f5000e4bc018d50f9fa4e80d2951c6d9	PANZER.MRG:4	272	88	bg	MAIN	MRG/PANZER.MRG/PANZER.MRG_004.png
bb52ec5a66b120d9917ad8a9f986add843671d46267e560d9e7e845e5b0e3eed	PANZER.MRG:5	272	88	bg	MAIN	MRG/PANZER.MRG/PANZER.MRG_005.png
917c0ea7629b1bfe8a9584a5f46591b38c2abc729f2f42de708955b1417243ab	PANZER.MRG:6	272	88	bg	MAIN	MRG/PANZER.MRG/PANZER.MRG_006.png
2edc539b96c7b443f4cb03621055b1df6a3d89185f0d67f1b32b7e3d34f877cc	PANZER.MRG:7	272	88	bg	MAIN	MRG/PANZER.MRG/PANZER.MRG_007.png
c96469b410dfcd7df49a13714ab51f895ea40cd04cde0178fbc4b01adafda1c8	PLANE.MRG:0	272	88	bg	MAIN	MRG/PLANE.MRG/PLANE.MRG_000.png
d2a45497fba2f3066644ae3ff89ac2291807430273350b2ad31929edde81a276	PLANE.MRG:1	272	88	bg	MAIN	MRG/PLANE.MRG/PLANE.MRG_001.png
38534bd22739f9dc617d66c61f39b678112c59a661195b43d5a42e30aaa66171	PLANE.MRG:2	272	88	bg	MAIN	MRG/PLANE.MRG/PLANE.MRG_002.png
40ef4244cfe11e5d7c232a659c807d046d25c55dc8faeabe2c325b9e074c65bf	PLANE.MRG:3	272	88	bg	MAIN	MRG/PLANE.MRG/PLANE.MRG_003.png
557f4e9c6e144492b6105e40dbf08aae803e93e2aef0bcfc2895c195b79ef967	PLANE.MRG:4	272	88	bg	MAIN	MRG/PLANE.MRG/PLANE.MRG_004.png
646ebbca2cb1cd118b67ee7d410d8da201d212a25ae469dc76cde11484a3f119	PLANE.MRG:5	272	88	bg	MAIN	MRG/PLANE.MRG/PLANE.MRG_005.png
7d095fbeeb55b545fc8793b780fe43e68f2f29ff52971113a2b710f51739d32d	PLANE.MRG:6	272	88	bg	MAIN	MRG/PLANE.MRG/PLANE.MRG_006.png
d1c05ea5107df27fd4b79d3e24b279dff866c7092c4972b0c4b0b309df0ca290	PLANE.MRG:7	272	88	bg	MAIN	MRG/PLANE.MRG/PLANE.MRG_007.png
dea594c179ffd68bfbe3c6df7479cfd55f17f319a97e23d6434d6cedbec521bb	RAIN.PCX	640	360	bg256	RAIN.PCX	PCX/RAIN.PCX.png
f44cbed8bc270bb382cd1e0ce45cf6fc2e774b71b9d371aa5ff6df66a73c035f	ROLL.GS	320	2000	bg	ROLL.RGB	GS/ROLL.GS.png
8f6f68df9b727f4eb239d0456e3bfcf58bec029933a8aa9a98e17f7ff0e41f9f	RUNTIME:CURSOR/8f6f68df9b72_sprite_40x32.png	40	32	sprite	MAIN	CURSOR/8f6f68df9b72_sprite_40x32.png
e3ea446bd392373c6b555e1058f89085da53b997abec41caa89220ddbf471a8e	RUNTIME:CURSOR/e3ea446bd392_sprite_40x32.png	40	32	sprite	MAIN	CURSOR/e3ea446bd392_sprite_40x32.png
e5f252382953d6851a63421b98e0816ed20f1ddb4b173f7587a1cf2d1b3fc05d	RUNTIME:CURSOR/e5f252382953_sprite_40x32.png	40	32	sprite	MAIN	CURSOR/e5f252382953_sprite_40x32.png
3f650f2a8fa4b92b4ef00b0785b0f7d934359171edb149d062cfc66722c5df28	SPOINT.MRG:0	48	36	sprite	MAIN	MRG/SPOINT.MRG/SPOINT.MRG_000.png
520f571cec65a22fb7080a3446de4105d1b6f086e25c1705877ef224106d08e6	SPOINT.MRG:1	48	36	sprite	MAIN	MRG/SPOINT.MRG/SPOINT.MRG_001.png
8e3309c73adf46ba57dbdc8d2e1393c796415b7377ca1eb2e217bfa28fcf4b0b	SPOINT.MRG:10	48	36	sprite	MAIN	MRG/SPOINT.MRG/SPOINT.MRG_010.png
bb26e730ac20720d4c7a8100d56911cf56c86180c06ca7c62da8902b42d492b6	SPOINT.MRG:11	48	36	sprite	MAIN	MRG/SPOINT.MRG/SPOINT.MRG_011.png
e48c67b6950dd2684423753057fe3e6e055008e25dbc4267b3087a5aef6c1d56	SPOINT.MRG:12	48	36	sprite	MAIN	MRG/SPOINT.MRG/SPOINT.MRG_012.png
b423964efa13298ef2d67eaefd2abac6ebbafac3eaab4869cac5b52b1b92c8a1	SPOINT.MRG:13	48	36	sprite	MAIN	MRG/SPOINT.MRG/SPOINT.MRG_013.png
9eef1986c1f6f10a1279c58b09df227a700c0ca3bfb2c1871a7016441bc72f12	SPOINT.MRG:14	48	36	sprite	MAIN	MRG/SPOINT.MRG/SPOINT.MRG_014.png
948b2d96029422e374c6590b352ee5f5b542d1d2c842b718714d24fef12d56f1	SPOINT.MRG:15	48	36	sprite	MAIN	MRG/SPOINT.MRG/SPOINT.MRG_015.png
08e38e69c9507f2f02a10bc73f3dec722e04031a46a832a50fd24e0622310e3c	SPOINT.MRG:16	48	36	sprite	MAIN	MRG/SPOINT.MRG/SPOINT.MRG_016.png
9d84ddb183a763010541d0d8896c7418f9f8d3bd453dd7dc7427cb9d11e22fb2	SPOINT.MRG:17	48	36	sprite	MAIN	MRG/SPOINT.MRG/SPOINT.MRG_017.png
996d2c692e612cfba5365c815aea3f68607bb8d944bee1f511ca0c391e5b0f24	SPOINT.MRG:18	48	36	sprite	MAIN	MRG/SPOINT.MRG/SPOINT.MRG_018.png
8d5731f9908aaa47b11d254870ded9396c28d261f28b9c5518b9e01231fd000b	SPOINT.MRG:19	48	36	sprite	MAIN	MRG/SPOINT.MRG/SPOINT.MRG_019.png
d83fd4c1572159f9d747f478af7e0afd5cec8a13aa8ded16a70a4bd1871b5c5e	SPOINT.MRG:2	48	36	sprite	MAIN	MRG/SPOINT.MRG/SPOINT.MRG_002.png
df913e72295f19d7f1ef7c2d06b914a2bf9817b0c4e4d2b3232491a1d43d63d6	SPOINT.MRG:20	48	36	sprite	MAIN	MRG/SPOINT.MRG/SPOINT.MRG_020.png
8f795e037772ba973c239b80c85d2e34f07c493426148776e3ce52ccf0056812	SPOINT.MRG:21	48	36	sprite	MAIN	MRG/SPOINT.MRG/SPOINT.MRG_021.png
f592545bed4ffaeb0a54deabdee940144ee3604d0d4a6e31b9f0887cb07b5d54	SPOINT.MRG:22	48	36	sprite	MAIN	MRG/SPOINT.MRG/SPOINT.MRG_022.png
6190863522953f0685e0a23bb46371772ef14139f88a4f0901f6cb57d2c374e8	SPOINT.MRG:23	48	36	sprite	MAIN	MRG/SPOINT.MRG/SPOINT.MRG_023.png
962d5634c3897cc1b21bbdb56dc5f9076386c5c65ce85aaa089c6f121b6a23eb	SPOINT.MRG:24	48	36	sprite	MAIN	MRG/SPOINT.MRG/SPOINT.MRG_024.png
863ad9b1d6448aaac40734dc12eb1b8f2f41312e5fff7ef15e51e30c9f5199b9	SPOINT.MRG:25	48	36	sprite	MAIN	MRG/SPOINT.MRG/SPOINT.MRG_025.png
9c0839deb64727864b79016ff07bc6fce50cf7971a8cd83cf6484261ccb1aea4	SPOINT.MRG:26	48	36	sprite	MAIN	MRG/SPOINT.MRG/SPOINT.MRG_026.png
d170254c9468e7011b588b0fc76ba7bef1580cda7cdbe569df07dd99e83f562c	SPOINT.MRG:27	48	36	sprite	MAIN	MRG/SPOINT.MRG/SPOINT.MRG_027.png
8b406438c769732cdb2f8f8f0c2ba16918ca50f206d45242491ccb4cbc328e68	SPOINT.MRG:28	48	36	sprite	MAIN	MRG/SPOINT.MRG/SPOINT.MRG_028.png
d96ce71c93f0737cffa090762dc69c5f4a449d98d54c799a7761b13b144ef803	SPOINT.MRG:29	48	36	sprite	MAIN	MRG/SPOINT.MRG/SPOINT.MRG_029.png
460b63562cca99966503f955dd9d8affe6ef55d3e9f4d3f5fd98210e7ed3e8ed	SPOINT.MRG:3	48	36	sprite	MAIN	MRG/SPOINT.MRG/SPOINT.MRG_003.png
d347f61069558b4598f8dda7cf25d4aeebf15eba9b19d7a12409dd9d6303c958	SPOINT.MRG:30	48	36	sprite	MAIN	MRG/SPOINT.MRG/SPOINT.MRG_030.png
5313e824bf677f1fd14ce34d11ac1b23eb8ba5a28d8b77e3f442f9f0edc4d183	SPOINT.MRG:31	48	36	sprite	MAIN	MRG/SPOINT.MRG/SPOINT.MRG_031.png
1fda1559aace1d638907114702d4faf04444d3d6245548286bb2717b6330de17	SPOINT.MRG:32	48	36	sprite	MAIN	MRG/SPOINT.MRG/SPOINT.MRG_032.png
2aeda6c114cb9e9e86dee10fbca1719e5151e982648640528174adf82187168b	SPOINT.MRG:33	48	36	sprite	MAIN	MRG/SPOINT.MRG/SPOINT.MRG_033.png
d52998d9d3d6853bd056cd31b9889973d1e70e85d67fd5671bc215ceb0b4f515	SPOINT.MRG:34	48	36	sprite	MAIN	MRG/SPOINT.MRG/SPOINT.MRG_034.png
002e3b1db8e5db3bb918d5a0a38fca0719a1df2271442ff040e8fb91933573ff	SPOINT.MRG:35	48	36	sprite	MAIN	MRG/SPOINT.MRG/SPOINT.MRG_035.png
937bc801fa49e3591aa0548d214f4a766130c93b5af9f114145e258e5ea5e041	SPOINT.MRG:36	48	36	sprite	MAIN	MRG/SPOINT.MRG/SPOINT.MRG_036.png
61ba994504f8bb647054df61f01736dcca69b5c30a0c32b7717a4b98d01d0881	SPOINT.MRG:37	48	36	sprite	MAIN	MRG/SPOINT.MRG/SPOINT.MRG_037.png
68bcf134a1a8deba607cd7d68b563f51f4dae5972f70a990469c91f98679fb20	SPOINT.MRG:38	48	36	sprite	MAIN	MRG/SPOINT.MRG/SPOINT.MRG_038.png
87fd26b1a805cfe6fae5006c0372407657d2d5d993ff7e23dd02ac5d450fa64b	SPOINT.MRG:39	48	36	sprite	MAIN	MRG/SPOINT.MRG/SPOINT.MRG_039.png
7cccd39343e697167a57e974e0832f72fd429e8b1df519acbb39904d1164d8c5	SPOINT.MRG:4	48	36	sprite	MAIN	MRG/SPOINT.MRG/SPOINT.MRG_004.png
e6db6b66c68f7c47be5d99e0ab57e7cfa5fee6297982090e8aff047af5116cb2	SPOINT.MRG:40	48	36	sprite	MAIN	MRG/SPOINT.MRG/SPOINT.MRG_040.png
09ba4ce8479966a5d25ac2f1b9a3d339ad65bf13879220963b47d0d275bcf2b3	SPOINT.MRG:41	48	36	sprite	MAIN	MRG/SPOINT.MRG/SPOINT.MRG_041.png
a10c5e2a59fdfdec70cca1a2cdd621661b5954b1b9bd4cedb7ad75327656bdc7	SPOINT.MRG:42	48	36	sprite	MAIN	MRG/SPOINT.MRG/SPOINT.MRG_042.png
cb1268b51314072d8939d8ee39f74c5173547307d655e882614a1a8e7134493a	SPOINT.MRG:43	48	36	sprite	MAIN	MRG/SPOINT.MRG/SPOINT.MRG_043.png
f3184d395dbbf83cb24dc1bbac47141c751581a42ee5daca985f0a71d98c6506	SPOINT.MRG:44	48	36	sprite	MAIN	MRG/SPOINT.MRG/SPOINT.MRG_044.png
ec1ff69294bbc4d8de81fc3b47b496e980e7670a1c539d80afdb91d8744ac803	SPOINT.MRG:45	48	36	sprite	MAIN	MRG/SPOINT.MRG/SPOINT.MRG_045.png
66a8b99390f002a2a335aecd4f6aa2be4b0219ee0bcc28e88cb73fd88594c7d4	SPOINT.MRG:46	48	36	sprite	MAIN	MRG/SPOINT.MRG/SPOINT.MRG_046.png
7e57c3cba083d605a74499be2ab92b6a4abf50e59d7281f576080a6f9e0bbdb5	SPOINT.MRG:47	48	36	sprite	MAIN	MRG/SPOINT.MRG/SPOINT.MRG_047.png
46a301cb837d0762c30fa35f2673b64e399e4344e4afb3edbfaeb4497a127205	SPOINT.MRG:48	48	36	sprite	MAIN	MRG/SPOINT.MRG/SPOINT.MRG_048.png
49adda37e1357b6d46272a3d55e599ad674fdbacfd9ccdb117f58b16032499e9	SPOINT.MRG:49	48	36	sprite	MAIN	MRG/SPOINT.MRG/SPOINT.MRG_049.png
c72dcfa8c7ba398634ba90be05de6f503f7175649ba954665f6d62e777081aa6	SPOINT.MRG:5	48	36	sprite	MAIN	MRG/SPOINT.MRG/SPOINT.MRG_005.png
a6ffd4f31b2cf986b9b24132b797f291a8b5f411176d9c94e48cecc85cd170b4	SPOINT.MRG:50	48	36	sprite	MAIN	MRG/SPOINT.MRG/SPOINT.MRG_050.png
2fd8a49fa02c6c869c56a530615ab02ba72c4aebaa42407f2f97f43bd8516846	SPOINT.MRG:51	48	36	sprite	MAIN	MRG/SPOINT.MRG/SPOINT.MRG_051.png
750fe9591016a9d7147cc45b764ca51d2588bfa1f1a263675919d15611b8c3db	SPOINT.MRG:6	48	36	sprite	MAIN	MRG/SPOINT.MRG/SPOINT.MRG_006.png
f8883f382a4032bb6777c876d6b006509c4c5fccbb0beef52a0a622b0a3c2440	SPOINT.MRG:7	48	36	sprite	MAIN	MRG/SPOINT.MRG/SPOINT.MRG_007.png
507541b49782f42a6c788f0a9d6a1179a38468f57195437f1a627c323037a7e5	SPOINT.MRG:8	48	36	sprite	MAIN	MRG/SPOINT.MRG/SPOINT.MRG_008.png
75bf1f2f829e51538cdf767834671bd2dc81527209c65b3a1db72cf6eee2909c	SPOINT.MRG:9	48	36	sprite	MAIN	MRG/SPOINT.MRG/SPOINT.MRG_009.png
227f051929c63a09144997ddb6018c1bd97b183f17c70db58d96e79e8a7df935	VS.MRG:0	256	160	bg	MAIN	MRG/VS.MRG/VS.MRG_000.png
aa68f0897711e9269b1af3f071957bea38c1fb91a411900cbd4a1e9e53c4eb4c	VS.MRG:1	256	160	bg	MAIN	MRG/VS.MRG/VS.MRG_001.png
0d4143748ec019cf77fb11391a8dcb24d51bafa946c1e3b87e04de89bc5c7ab6	VS.MRG:10	256	160	bg	MAIN	MRG/VS.MRG/VS.MRG_010.png
76081b719ef6a7627722a40debf412656890930376a4c23b14ddb5c47352e8f1	VS.MRG:11	256	160	bg	MAIN	MRG/VS.MRG/VS.MRG_011.png
f606d93f13c6f161ae09dae0c9ee6b47f379c88f48b6d252b721e3f33140cbeb	VS.MRG:12	256	160	bg	MAIN	MRG/VS.MRG/VS.MRG_012.png
b700f3c133c414816b947561c61dcab5d4b8747c9b61582d90dabe2ad334ed45	VS.MRG:13	256	160	bg	MAIN	MRG/VS.MRG/VS.MRG_013.png
7c8a7cfeeb9fae26457c34aebb643b417283c9ae27a877282ac68133cffc9df6	VS.MRG:14	256	160	bg	MAIN	MRG/VS.MRG/VS.MRG_014.png
9eb72b34bb10c5ee213fc65c659293c244f7714952e8b656345556d38b35204e	VS.MRG:15	256	160	bg	MAIN	MRG/VS.MRG/VS.MRG_015.png
8ea129bd938a3ab0996ee4c0300292ecfbe9ca1e8773ddc5d95dc05ee07893af	VS.MRG:16	256	160	bg	MAIN	MRG/VS.MRG/VS.MRG_016.png
e30885aef1e6532ad7d1db76bed673745ad4d900e87a39dd8c7fb360a24cf28d	VS.MRG:17	256	160	bg	MAIN	MRG/VS.MRG/VS.MRG_017.png
79401d52c2c74545917a4af421b71afed6ade7a8e5b11865a6e36dd4b58eafe2	VS.MRG:18	256	160	bg	MAIN	MRG/VS.MRG/VS.MRG_018.png
f2b0f092c08052837a7a0dc49d2b95d87ad293ca940b02a93ec2590b7cc2f15a	VS.MRG:19	256	160	bg	MAIN	MRG/VS.MRG/VS.MRG_019.png
4a73f96e85b32decafca38f37ac284efa1e226e7a4b61c8814c69995112b71f6	VS.MRG:2	256	160	bg	MAIN	MRG/VS.MRG/VS.MRG_002.png
fc5742586071a5cf002b2347518e8517c1f90b4b2e3a4f807c3262e25e0fa33c	VS.MRG:20	256	160	bg	MAIN	MRG/VS.MRG/VS.MRG_020.png
570225675a7bc14f2041c4dec1a95606a796e6e83744b15dc77e52a131b6e202	VS.MRG:21	256	160	bg	MAIN	MRG/VS.MRG/VS.MRG_021.png
5d12ea1a0f50793d1f58b07195c6cae502008c9732044d557029fb88cf4d0317	VS.MRG:22	256	160	bg	MAIN	MRG/VS.MRG/VS.MRG_022.png
7a91dd882fc610b003f2b0c101e302256ca0fb7720b4fe3d3053b5d8e26f8a37	VS.MRG:23	256	160	bg	MAIN	MRG/VS.MRG/VS.MRG_023.png
777af68ed29a47867725a09af5f652336790612f85bd4e3c6c270d37dd492b99	VS.MRG:24	256	160	bg	MAIN	MRG/VS.MRG/VS.MRG_024.png
0870d90704920ce4381716c721a1bc5f0675733ecba153814cc1608372db776e	VS.MRG:3	256	160	bg	MAIN	MRG/VS.MRG/VS.MRG_003.png
5b5a1dd0b2ed2f697fe039c6feedde1b61e18560da7b7f6c9c86a3626fca5b8c	VS.MRG:4	256	160	bg	MAIN	MRG/VS.MRG/VS.MRG_004.png
7b2a7a52421e98d7d44a32e40a906b253457ef46abf81d19a78d5af2146162bd	VS.MRG:5	256	160	bg	MAIN	MRG/VS.MRG/VS.MRG_005.png
28a374a72a2deed41d4819d30f6cc7885b44bf228029b81278784f0ed6ea274e	VS.MRG:6	256	160	bg	MAIN	MRG/VS.MRG/VS.MRG_006.png
94630ecdfd77f6d534767bd82089a30892254b9a8a8b287b3a619c06655d93ee	VS.MRG:7	256	160	bg	MAIN	MRG/VS.MRG/VS.MRG_007.png
111e7bbfaba376e1e1a45612359b00dee8404cf90c80886958f8dbeea4958b5a	VS.MRG:8	256	160	bg	MAIN	MRG/VS.MRG/VS.MRG_008.png
081d63619ff0ffdc964811a8354c00cf3eda8afa4a818f3bf6a85b79886e3e01	VS.MRG:9	256	160	bg	MAIN	MRG/VS.MRG/VS.MRG_009.png
