unicode	code_hex
U+0021	E040
U+002C	E041
U+002E	E042
U+003F	E043
U+00B7	E044
U+2025	E045
U+2026	E046
U+2027	E048
U+3000	E049
U+3002	E04A
U+300C	E04B
U+300D	E04C
U+300E	E04D
U+300F	E04E
U+30FC	E04F
U+AC00	E050
U+AC01	E051
U+AC04	E052
U+AC08	E053
U+AC10	E054
U+AC11	E055
U+AC12	E056
U+AC14	E057
U+AC15	E059
U+AC16	E05A
U+AC19	E05B
U+AC1A	E05C
U+AC1C	E05D
U+AC1D	E05E
U+AC70	E05F
U+AC71	E060
U+AC74	E063
U+AC78	E064
U+AC80	E065
U+AC81	E066
U+AC83	E067
U+AC8C	E068
U+ACA0	E069
U+ACA8	E06A
U+ACA9	E06B
U+ACAC	E06C
U+ACB0	E06D
U+ACB9	E06E
U+ACBC	E06F
U+ACBD	E070
U+ACC4	E071
U+ACE0	E072
U+ACE1	E073
U+ACE4	E074
U+ACE7	E075
U+ACE8	E076
U+ACF3	E077
U+ACF5	E078
U+ACFC	E079
U+ACFD	E07A
U+AD00	E07B
U+AD11	E07C
U+AD1C	E07D
U+AD34	E07E
U+AD50	E0A1
U+AD6C	E0A2
U+AD6D	E0A3
U+AD70	E0A4
U+AD74	E0A5
U+AD81	E0A6
U+AD8C	E0A7
U+ADC0	E0A8
U+ADDC	E0AA
U+ADF8	E0AB
U+ADF9	E0AC
U+ADFC	E0AD
U+AE00	E0AE
U+AE08	E0AF
U+AE09	E0B0
U+AE0B	E0B1
U+AE30	E0B2
U+AE34	E0B3
U+AE38	E0B4
U+AE4A	E0B5
U+AE4C	E0B7
U+AE50	E0B8
U+AE5D	E0B9
U+AE68	E0BA
U+AEBC	E0BB
U+AED8	E0BC
U+AF2C	E0BD
U+AF2D	E0BE
U+AF34	E0BF
U+AF3D	E0C0
U+AF43	E0C1
U+AF64	E0C2
U+AF80	E0C3
U+AFB8	E0C4
U+AFBC	E0C5
U+AFC8	E0C6
U+AFD4	E0C7
U+B00C	E0C8
U+B044	E0C9
U+B04A	E0CA
U+B054	E0CB
U+B05D	E0CC
U+B07C	E0CD
U+B08C	E0CE
U+B098	E0CF
U+B099	E0D0
U+B09A	E0D1
U+B09C	E0D2
U+B0A0	E0D3
U+B0A8	E0D4
U+B0A9	E0D5
U+B0AB	E0D6
U+B0AC	E0D7
U+B0AF	E0D8
U+B0B3	E0D9
U+B0B4	E0DA
U+B0B8	E0DB
U+B0BC	E0DC
U+B0C4	E0DD
U+B0C8	E0DE
U+B0C9	E0DF
U+B0D0	E140
U+B0E5	E141
U+B108	E142
U+B110	E143
U+B113	E144
U+B118	E145
U+B123	E146
U+B124	E147
U+B140	E148
U+B144	E149
U+B150	E14A
U+B154	E14B
U+B155	E14C
U+B178	E14D
U+B180	E14E
U+B188	E14F
U+B18D	E150
U+B192	E151
U+B193	E152
U+B204	E153
U+B208	E154
U+B290	E155
U+B294	E156
U+B298	E157
U+B299	E158
U+B2A5	E159
U+B2A6	E15A
U+B2C8	E15B
U+B2CC	E15C
U+B2D8	E15D
U+B2E4	E15E
U+B2E6	E15F
U+B2E8	E160
U+B2EB	E161
U+B2EC	E162
U+B2F4	E163
U+B2F5	E164
U+B2F7	E165
U+B2F9	E166
U+B2FF	E167
U+B300	E168
U+B354	E169
U+B355	E16A
U+B358	E16B
U+B370	E16C
U+B3C4	E16D
U+B3C5	E16E
U+B3C8	E16F
U+B3CB	E170
U+B3CC	E171
U+B3D5	E172
U+B3D9	E173
U+B3FC	E174
U+B410	E175
U+B418	E176
U+B41C	E177
U+B420	E178
U+B429	E179
U+B450	E17A
U+B454	E17B
U+B458	E17C
U+B465	E17D
U+B46C	E17E
U+B4A4	E1A1
U+B4DC	E1A2
U+B4DD	E1A3
U+B4E0	E1A4
U+B4E3	E1A5
U+B4E4	E1A6
U+B4EF	E1A7
U+B4F1	E1A8
U+B514	E1A9
U+B51C	E1AA
U+B530	E1AB
U+B531	E1AC
U+B538	E1AD
U+B544	E1AE
U+B545	E1AF
U+B54C	E1B0
U+B5A0	E1B1
U+B5A4	E1B2
U+B5A8	E1B3
U+B5BB	E1B4
U+B5BC	E1B5
U+B610	E1B6
U+B611	E1B7
U+B69D	E1B8
U+B6F0	E1B9
U+B728	E1BA
U+B738	E1BB
U+B73B	E1BC
U+B77C	E1BD
U+B77D	E1BE
U+B780	E1BF
U+B784	E1C0
U+B78C	E1C1
U+B78D	E1C2
U+B790	E1C3
U+B791	E1C4
U+B798	E1C5
U+B79C	E1C6
U+B7AB	E1C7
U+B7B5	E1C8
U+B7C9	E1C9
U+B7EC	E1CA
U+B7F0	E1CB
U+B7F4	E1CC
U+B7FC	E1CD
U+B7FD	E1CE
U+B800	E1CF
U+B807	E1D0
U+B808	E1D1
U+B80C	E1D2
U+B818	E1D3
U+B824	E1D4
U+B825	E1D5
U+B828	E1D6
U+B82C	E1D7
U+B835	E1D8
U+B838	E1D9
U+B839	E1DA
U+B840	E1DB
U+B85C	E1DC
U+B85D	E1DD
U+B860	E1DE
U+B86D	E1DF
U+B8B0	E240
U+B8CC	E241
U+B8E8	E242
U+B8EC	E243
U+B8F0	E244
U+B8F8	E245
U+B8FB	E246
U+B958	E247
U+B959	E248
U+B960	E249
U+B96D	E24A
U+B974	E24B
U+B978	E24C
U+B97C	E24D
U+B984	E24E
U+B9AC	E24F
U+B9B0	E250
U+B9B4	E251
U+B9BC	E252
U+B9BD	E253
U+B9C8	E254
U+B9C9	E256
U+B9CC	E257
U+B9CE	E259
U+B9D0	E25A
U+B9D9	E25B
U+B9DB	E25C
U+B9DD	E25D
U+B9DE	E25E
U+B9E1	E25F
U+B9E4	E260
U+B9E5	E261
U+BA38	E262
U+BA39	E263
U+BA3C	E264
U+BA40	E265
U+BA48	E266
U+BA4B	E267
U+BA54	E268
U+BA70	E269
U+BA74	E26A
U+BA78	E26B
U+BA85	E26C
U+BA87	E26D
U+BAA8	E26E
U+BAA9	E26F
U+BAB0	E270
U+BAB8	E271
U+BABB	E272
U+BB34	E273
U+BB35	E274
U+BB38	E275
U+BB3B	E276
U+BB3C	E277
U+BB50	E278
U+BB54	E279
U+BB58	E27A
U+BBF8	E27B
U+BBFC	E27C
U+BBFF	E27D
U+BC00	E27E
U+BC14	E2A1
U+BC15	E2A2
U+BC16	E2A3
U+BC18	E2A4
U+BC1B	E2A5
U+BC1C	E2A6
U+BC1D	E2A7
U+BC24	E2A8
U+BC25	E2A9
U+BC29	E2AA
U+BC30	E2AB
U+BC31	E2AC
U+BC84	E2AD
U+BC88	E2AE
U+BC8C	E2AF
U+BC94	E2B0
U+BC95	E2B1
U+BC97	E2B2
U+BCA0	E2B3
U+BCA8	E2B4
U+BCBC	E2B5
U+BCBD	E2B6
U+BCC0	E2B7
U+BCC4	E2B8
U+BCCD	E2B9
U+BCD1	E2BA
U+BCF4	E2BB
U+BCF5	E2BC
U+BCF8	E2BD
U+BCFC	E2BE
U+BD07	E2BF
U+BD09	E2C0
U+BD10	E2C1
U+BD24	E2C2
U+BD59	E2C3
U+BD80	E2C4
U+BD81	E2C5
U+BD84	E2C6
U+BD88	E2C7
U+BD89	E2C8
U+BD99	E2C9
U+BE0C	E2CA
U+BE44	E2CB
U+BE4C	E2CC
U+BE57	E2CD
U+BE5A	E2CE
U+BE5B	E2CF
U+BE60	E2D0
U+BE68	E2D1
U+BED0	E2D2
U+BED4	E2D3
U+BFD0	E2D4
U+C058	E2D5
U+C05C	E2D6
U+C0AC	E2D7
U+C0B0	E2D8
U+C0B4	E2D9
U+C0BC	E2DA
U+C0C0	E2DB
U+C0C1	E2DC
U+C0C8	E2DD
U+C0C9	E2DE
U+C0DD	E2DF
U+C0E4	E340
U+C11C	E341
U+C11D	E342
U+C120	E343
U+C124	E344
U+C12C	E345
U+C12D	E346
U+C131	E347
U+C138	E348
U+C13C	E349
U+C140	E34A
U+C148	E34B
U+C14B	E34C
U+C154	E34D
U+C168	E34E
U+C18C	E34F
U+C18D	E350
U+C190	E351
U+C19F	E352
U+C1A1	E353
U+C1A5	E354
U+C1C4	E355
U+C1E0	E356
U+C218	E357
U+C219	E359
U+C21C	E35A
U+C220	E35B
U+C228	E35C
U+C248	E35D
U+C26C	E35E
U+C274	E35F
U+C27D	E360
U+C27F	E362
U+C288	E363
U+C2A4	E364
U+C2A8	E365
U+C2AC	E366
U+C2B5	E367
U+C2B9	E368
U+C2DC	E369
U+C2DD	E36A
U+C2E0	E36B
U+C2E4	E36C
U+C2EC	E36D
U+C2ED	E36E
U+C2F6	E36F
U+C2F8	E370
U+C2FC	E371
U+C30D	E372
U+C313	E373
U+C368	E374
U+C369	E375
U+C37C	E376
U+C384	E377
U+C42C	E378
U+C4F0	E379
U+C4F8	E37A
U+C500	E37B
U+C528	E37C
U+C529	E37D
U+C52C	E37E
U+C544	E3A1
U+C545	E3A2
U+C548	E3A3
U+C549	E3A4
U+C54A	E3A5
U+C54C	E3A6
U+C554	E3A7
U+C558	E3A8
U+C559	E3A9
U+C55E	E3AA
U+C560	E3AB
U+C561	E3AC
U+C57C	E3AD
U+C57D	E3AE
U+C580	E3AF
U+C58C	E3B0
U+C591	E3B1
U+C595	E3B2
U+C5B4	E3B3
U+C5B5	E3B4
U+C5B8	E3B5
U+C5BB	E3B6
U+C5BC	E3B7
U+C5C4	E3B8
U+C5C5	E3B9
U+C5C6	E3BA
U+C5C7	E3BB
U+C5C8	E3BC
U+C5C9	E3BD
U+C5D0	E3BE
U+C5D4	E3BF
U+C5EC	E3C0
U+C5ED	E3C1
U+C5F0	E3C2
U+C5F4	E3C3
U+C5FC	E3C4
U+C600	E3C5
U+C601	E3C6
U+C608	E3C7
U+C61B	E3C8
U+C624	E3C9
U+C628	E3CA
U+C62C	E3CB
U+C62E	E3CC
U+C637	E3CD
U+C640	E3CE
U+C644	E3CF
U+C654	E3D0
U+C655	E3D1
U+C65C	E3D2
U+C678	E3D3
U+C694	E3D4
U+C695	E3D5
U+C6A9	E3D6
U+C6B0	E3D7
U+C6B4	E3D8
U+C6B8	E3D9
U+C6C0	E3DA
U+C6C3	E3DB
U+C6C5	E3DC
U+C6CC	E3DD
U+C6D0	E3DE
U+C6D4	E3DF
U+C6E0	E440
U+C6EC	E441
U+C704	E442
U+C720	E443
U+C721	E444
U+C728	E445
U+C73C	E446
U+C740	E447
U+C744	E448
U+C74C	E449
U+C751	E44A
U+C758	E44B
U+C774	E44C
U+C775	E44D
U+C778	E44E
U+C77C	E44F
U+C783	E450
U+C784	E451
U+C785	E452
U+C788	E453
U+C78A	E454
U+C78E	E455
U+C790	E456
U+C791	E457
U+C794	E459
U+C796	E45A
U+C798	E45B
U+C7A0	E45D
U+C7A1	E45E
U+C7A5	E45F
U+C7AC	E460
U+C7C1	E461
U+C800	E462
U+C801	E463
U+C804	E464
U+C808	E465
U+C80A	E466
U+C810	E467
U+C811	E468
U+C815	E469
U+C81C	E46A
U+C820	E46B
U+C838	E46C
U+C84C	E46D
U+C870	E46E
U+C871	E46F
U+C874	E470
U+C880	E471
U+C885	E472
U+C88B	E473
U+C8C4	E474
U+C8E0	E475
U+C8FC	E476
U+C8FD	E477
U+C900	E478
U+C904	E479
U+C90C	E47A
U+C90F	E47C
U+C911	E47D
U+C918	E47E
U+C988	E4A1
U+C989	E4A2
U+C990	E4A3
U+C998	E4A4
U+C99D	E4A5
U+C9C0	E4A6
U+C9C1	E4A7
U+C9C4	E4A8
U+C9C8	E4A9
U+C9D0	E4AA
U+C9D1	E4AB
U+C9D3	E4AC
U+C9D5	E4AD
U+C9D9	E4AE
U+C9DC	E4AF
U+C9DD	E4B0
U+C9F1	E4B1
U+C9F8	E4B2
U+CA0C	E4B3
U+CA4C	E4B4
U+CA54	E4B5
U+CABD	E4B6
U+CAD3	E4B7
U+CC0C	E4B8
U+CC0D	E4B9
U+CC28	E4BA
U+CC29	E4BB
U+CC2C	E4BC
U+CC2E	E4BD
U+CC38	E4BE
U+CC3B	E4BF
U+CC3D	E4C0
U+CC3E	E4C1
U+CC44	E4C2
U+CC45	E4C3
U+CC98	E4C4
U+CC99	E4C5
U+CC9C	E4C6
U+CCA0	E4C7
U+CCA8	E4C8
U+CCAD	E4C9
U+CCB4	E4CA
U+CCD0	E4CB
U+CCE4	E4CC
U+CD08	E4CD
U+CD09	E4CE
U+CD1D	E4CF
U+CD5C	E4D0
U+CD94	E4D1
U+CD95	E4D2
U+CD9C	E4D3
U+CDA4	E4D4
U+CDA9	E4D5
U+CDB0	E4D6
U+CDC4	E4D7
U+CDE8	E4D8
U+CE30	E4D9
U+CE58	E4DA
U+CE5C	E4DB
U+CE60	E4DC
U+CE68	E4DD
U+CE6D	E4DE
U+CE74	E4DF
U+CE7C	E540
U+CEE4	E541
U+CEF7	E542
U+CF04	E543
U+CF1C	E544
U+CF30	E545
U+CF54	E546
U+CF5C	E547
U+CF8C	E548
U+CFE0	E549
U+D06C	E54A
U+D070	E54B
U+D074	E54C
U+D07C	E54D
U+D0A4	E54E
U+D0A8	E54F
U+D0C0	E550
U+D0C1	E551
U+D0C4	E552
U+D0C8	E553
U+D0D1	E554
U+D0D3	E555
U+D0D5	E556
U+D0DC	E557
U+D0DD	E558
U+D130	E559
U+D14C	E55A
U+D150	E55B
U+D15C	E55C
U+D17C	E55D
U+D1A0	E55E
U+D1B5	E55F
U+D1F4	E560
U+D22C	E561
U+D23C	E562
U+D25C	E563
U+D2B8	E564
U+D2B9	E565
U+D2BC	E566
U+D2C0	E567
U+D2F0	E568
U+D2F8	E569
U+D30C	E56A
U+D310	E56B
U+D314	E56C
U+D328	E56D
U+D33D	E56E
U+D37C	E56F
U+D398	E570
U+D3B4	E571
U+D3B8	E572
U+D3BC	E573
U+D3C9	E574
U+D3D0	E575
U+D3EC	E576
U+D3ED	E577
U+D3F4	E578
U+D45C	E579
U+D478	E57A
U+D479	E57B
U+D47C	E57C
U+D480	E57D
U+D488	E57E
U+D48D	E5A1
U+D504	E5A2
U+D508	E5A3
U+D53C	E5A4
U+D544	E5A5
U+D558	E5A6
U+D559	E5A7
U+D55C	E5A8
U+D560	E5A9
U+D568	E5AA
U+D569	E5AB
U+D56D	E5AC
U+D574	E5AD
U+D575	E5AE
U+D588	E5AF
U+D589	E5B0
U+D5A5	E5B1
U+D5C8	E5B2
U+D5D8	E5B3
U+D5DB	E5B4
U+D5E4	E5B5
U+D600	E5B6
U+D604	E5B7
U+D611	E5B8
U+D614	E5B9
U+D615	E5BA
U+D61C	E5BB
U+D638	E5BC
U+D639	E5BD
U+D63C	E5BE
U+D640	E5BF
U+D654	E5C0
U+D655	E5C1
U+D658	E5C2
U+D65C	E5C3
U+D669	E5C4
U+D68C	E5C5
U+D68D	E5C6
U+D6A8	E5C7
U+D6C4	E5C8
U+D6C8	E5C9
U+D6CC	E5CA
U+D6E8	E5CB
U+D718	E5CC
U+D734	E5CD
U+D751	E5CE
U+D765	E5CF
U+D76C	E5D0
U+D770	E5D1
U+D788	E5D2
U+D78C	E5D3
U+D790	E5D4
U+D798	E5D5
U+FF0D	E5D6
U+FF10	E5D7
U+FF11	E5D8
U+FF12	E5D9
U+FF13	E5DA
U+FF14	E5DB
U+FF15	E5DC
U+FF16	E5DD
U+FF17	E5DE
U+FF18	E5DF
U+FF19	E640
U+FF21	E641
U+FF27	E642
U+FF2B	E643
U+FF2C	E644
U+FF3B	E645
U+FF3D	E646
U+FF5E	E647
