id	src_sha256	text	status	acc_sha	by	batch	date	note
COUNTRY.MES#0	62521147d3e3fdac	バイアランス王国\nスーン・バランス王が統治する、長い歴史を持つ古王国。古来、大陸東部の中央に位置するが、近年は南隣のブラキア共和国との関係が緊張を増している。\n	accepted	20435cd9b5f74b23	Codex	full-20261006	2026-10-06	全量日文候選；未經母語者審閱；正式預算及版面另驗
COUNTRY.MES#1	da662c94a328c90e	レズニアク公国\n大陸で唯一、女王が治める国。国土の大半が山地という典型的な山国だ。その山々の美しさを女王の美貌にたとえて歌うのも悪くない。\n	accepted	332344d1fd2347d6	Codex	full-20261006	2026-10-06	全量日文候選；未經母語者審閱；正式預算及版面另驗
COUNTRY.MES#2	a0fccba139149591	ラサクス国\n大陸東部への主な玄関口。小国ながら重要な交易地だ。国名は現地語で「湖」の意味。その名の通り国の中央に巨大な湖があり、多くの淡水産物を養殖している。淡水貝は絶品。\n	accepted	fe9dfc42e3f5a60d	Codex	full-20261006	2026-10-06	全量日文候選；未經母語者審閱；正式預算及版面另驗
COUNTRY.MES#3	a0d8c3b4ac6c499f	ブラキア共和国\n大陸でも数少ない鉱山を持つ工業国。近年は巨大な工業力を背景に拡張政策を進め、近隣諸国を恐れさせている。酒造りも盛んで、ブラキア産ワインは最高級品として知られる。\n	accepted	82c911037e177210	Codex	full-20261006	2026-10-06	全量日文候選；未經母語者審閱；正式預算及版面另驗
COUNTRY.MES#4	c78af493c840a2c7	サラント王国\n大陸唯一の商業国。古くから商業が栄え、今では大陸の品々がほぼ何でも買える。美しい踊り子も多く、こうした国には当然、多くの名士が集まる。\n	accepted	22ae8f00a7a93d1a	Codex	full-20261006	2026-10-06	全量日文候選；未經母語者審閱；正式預算及版面另驗
COUNTRY.MES#5	f3908c98ba1fc265	ファシス連合国\n中世には栄えた宗教国だったが、今は北東部に寺院跡を残すのみ。それでも大陸東部とサラントを結ぶ交易は活発で、巡礼者も多い、活気あふれる国だ。\n	accepted	39a7d6eb7f865ba5	Codex	full-20261006	2026-10-06	全量日文候選；未經母語者審閱；正式預算及版面另驗
COUNTRY.MES#6	d9c74f2c0213843b	フランエン国\n大陸の中央に位置する。最も有名なのは年に二度の射撃大会。国王自らが主催し、各地の名手が集まる。大会中に行われる数々の祭りも名高い。\n	accepted	ffb7e7b29233b5d7	Codex	full-20261006	2026-10-06	全量日文候選；未經母語者審閱；正式預算及版面另驗
COUNTRY.MES#7	454dbbe3892fb5fb	セラフィ国\n河口と島々からなる国。海産物が豊富で海鮮料理が有名。観光地としても魅力的で、とりわけ日の出は他では見られない景色だ。多くの芸術家が題材にしている。\n	accepted	b85573839fdfc66e	Codex	full-20261006	2026-10-06	全量日文候選；未經母語者審閱；正式預算及版面另驗
COUNTRY.MES#8	b5547b92ce44a9c2	アシュワト皇国\n茶の生産で広く知られ、大陸全体の約四割を占める。特に内陸固有の「グル茶」は近年、その薬効が注目されている。体力回復や滋養強壮に効き、重要な輸出品だ。	accepted	b08653743287b191	Codex	full-20261006	2026-10-06	全量日文候選；未經母語者審閱；正式預算及版面另驗
COUNTRY.MES#9	10bfa4f1cffbf156	アレム国\nルレーン帝国とアシュワト皇国の間に位置する。名高い大国ではないが、多くの優れた人物を輩出した。地元産の牛肉も名高い特産品。\n	accepted	7299264a8a598961	Codex	full-20261006	2026-10-06	全量日文候選；未經母語者審閱；正式預算及版面另驗
COUNTRY.MES#10	0c4c7586dc601f6b	ルレーン帝国\n東方のブラキア共和国に対抗できる、大陸唯一の工業大国。歴史は長く「発明帝国」と呼ばれる。多くの最新技術が生まれ、大陸の主要な学者も、おおむねここで育っている。\n	accepted	b322585667e45dc9	Codex	full-20261006	2026-10-06	全量日文候選；未經母語者審閱；正式預算及版面另驗
