path	size	sha256	in_jsdos	in_plain	head8
ALCOHOL.MID	0	e3b0c44298fc1c149afbf4c8996fb92427ae41e4649b934ca495991b7852b855	1	1	
ARROW.GRP	5160	05141ccb0c023af81b5577dda4c9455c5310d9b88d202f61e4d5ef4d652ff1d1	1	1	2000200001000000
BATTLE1.MID	2227	063b16364f212b2ec50b5101dc65146b8092c3802c18ccfaf068d98e21928289	1	1	4d54686400000006
BATTLE2.MID	3039	e01c00a1385c51301b5574fde557f54c3c380acc9b6b1b6f707c87339031004c	1	1	4d54686400000006
BATTLE3.MID	4386	d0e72a483a53fbecaf65dedbaea2da8aee848ab82adac54e6daa4010260e69a2	1	1	4d54686400000006
BC32.MRG	136840	fefb8bf32607f6fcc2017248979fb9ff0fe3b0d38abd923e61540efcc222d608	1	1	8f003a0200003f07
BOMB.MRG	2602	58386e42d0339266e5e6beb5df1d55e0356ee742aa2630eeed7c80930a68b50d	1	1	0600160000009b02
BSTAGE.MRG	91377	3ce5efaa6c0015e2c1efb520574a2b7c14142bc297f63120cf9fdb6cc0ae9d69	1	1	0a0026000000f72c
BUILD.MID	375	577d1e78b82290f7a98497a8aa2d6f66b58daa7ced528acab448745abd75f709	1	1	4d54686400000006
BUTTON.MRG	8435	c303c0cd1c0225d04a3a6db2f0b971da20db7a5d904736d9f289f22809597a36	1	1	17005a000000c701
CANNON.MRG	64073	02a64758ac88906ced3b2ecb5fa795a94338c5a55bf0e65d2469853a730b2de4	1	1	0a0026000000d31b
CFG.EXE	6072	4201486bcb5a87862be01431c3f943973e01077dbb423750530ff112d798ea02	1	1	4d5ab8010c000300
CFONT.15	416010	60e55cf73ba2eb8e83018e8a9b585e22524e730e240732adb5e746b7ed54d8db	1	1	0000000000000000
CHAPEL.MID	895	175bc4c26da124a0f06782ea5d9748a3eec6147c156b0930cbbd6281a083f220	1	1	4d54686400000006
CLEAR.MID	368	1c39997b2c3605e1427ae0682470339887cec8aff3d32593bc57b3f620b9000b	1	1	4d54686400000006
COIN.BIN	10320	b9449b6cc81bb771eb2d2107f1e21e4c181cdcdec195e78b28411ff5491ccba9	1	1	2000200001000000
CONFIG.IBM	287	27b72abe9190c64e61f683271a4cc5123506cf61909d3b83d9db139fcc8564f8	1	1	434f554e5452593d
COUNTRY.MES	2096	5a8dba3450ab27712f45469c67d304cb15bb7b0d911734af7ca1f871924431aa	1	1	0c0032000000d300
CURSOR.MRG	375	ce4c773cd95636830452eff3e47442f7815420242899188fde21f9988969ca25	1	1	03000a0000007701
DANCER.MID	1292	1de552ad96e56dbb7800df9e670156004cd428aacb1695aa21544e2f5c973aff	1	1	4d54686400000006
DANCE_E.MID	326	b1b1f7132edf135b6184954f43eeaf4aedc01ee317504b5346490b45f92ea92a	1	1	4d54686400000006
DEAD.MRG	15537	27d1848685702c18c451d811af7357e460c563a722920f10bb51bc4a6ba86b38	1	1	1500520000005705
DISK_A.INF	4	c14066a3964effde08b591d0b9644c144bf430970960eb705686c491cabb1f67	1	1	410d0a1a
DISK_B.INF	4	f375d353fcff7ef056246517c1566b9926ca1324bd51a80fe8d86cd59c95f2b7	1	1	420d0a1a
DISK_C.INF	4	13aef87a1cd94c93710a5ecec57ecaa0167f988cd523fc625d59c912663df562	1	1	430d0a1a
DISK_E.INF	4	fe0f750fbd214e5a540c799bd8a8df5ad36e6fac6eac170b67af17e0dadf4240	1	1	450d0a1a
DOS4GW.EXE	265420	dd9f4f342533f99570475b62e53231a468de2e3d83e4fc31e80c27d3a7d6b49c	1	1	4d5a74007b004e00
ED0.GS	25727	f6869a3b9386f095560c48f32d508f7c11f556743544e58cfa1f0008af1ea093	1	1	05f401003f800290
ED0.RGB	48	9e77401f43f29d7b5c8ad3a9b2a5e5482a8dd472099c4cc18489ba6405ac83f4	1	1	000000000000010a
ED1.GS	11302	80114c4ff6b0583ec7a8e506d37c642fa030a133769647ae2989ca4ef1d73f6b	1	1	05f401003f800290
ED1.RGB	48	15f20151df06914e0aa3fecc4781c78a8a0d9202a9d458f4c7ddfccc9165894e	1	1	0300000400000f0c
ED2.GS	11972	79a5bfcbf9955ae6d784b741c2ce77813e1fa90a0958602872acd7b0e645ec1b	1	1	05f401003f800290
ED2.RGB	48	15f20151df06914e0aa3fecc4781c78a8a0d9202a9d458f4c7ddfccc9165894e	1	1	0300000400000f0c
ED3.GS	9642	16b5f6f89f8763ab393c75c273f4d406c924a52632c77db233edc54186ba8ca9	1	1	05f401003f800290
ED3.RGB	48	15f20151df06914e0aa3fecc4781c78a8a0d9202a9d458f4c7ddfccc9165894e	1	1	0300000400000f0c
ED4.GS	10039	140c7237dad357f7e85eb028c1370a8c68bd8de08e39a383ba0c21951827b919	1	1	05f401003f800290
ED4.RGB	48	15f20151df06914e0aa3fecc4781c78a8a0d9202a9d458f4c7ddfccc9165894e	1	1	0300000400000f0c
ED5.GS	12543	bcc4c6d88ac1bae3116cc8939382f9c264655315993f5b8f952b6489bb15500e	1	1	05f401003f800290
ED5.RGB	48	15f20151df06914e0aa3fecc4781c78a8a0d9202a9d458f4c7ddfccc9165894e	1	1	0300000400000f0c
ED6.GS	12190	2563032a3e6c3c42a406cf0b72870d348113bd89861f387c7c615431f8ed3ab0	1	1	05f401003f800290
ED6.RGB	48	15f20151df06914e0aa3fecc4781c78a8a0d9202a9d458f4c7ddfccc9165894e	1	1	0300000400000f0c
ED7.GS	33049	f623d8c7ad77b44200868aa19eba557797aa9483bca22357ecf1b5617fc78aad	1	1	05f40100bf800290
ED7.RGB	48	15f20151df06914e0aa3fecc4781c78a8a0d9202a9d458f4c7ddfccc9165894e	1	1	0300000400000f0c
END.EXE	149704	7734e3fb0f39fb047dda0fbf39643a4874d519ba9da96ce6fb1e64b59d2b2c60	1	1	4d5ac80025018204
ENJOY.MID	3518	d5cb70c8dee281678cd887bc54f0875c35388f5ed5bb2424a96c964520162a67	1	1	4d54686400000006
ESPMES.MRG	47717	e7cd0398746fafe9a0ba8b4c07de16662983b5071fa88595a48700fed22994d3	1	1	7e00f6010000f601
EXIST.MRG	678	9104b86d47665ecb3288104510d934da83453fc78c5dfc5483d3575344009b8f	1	1	050012000000b700
FACE.MRG	399603	b4de318842719a14f255d42fa1f1c102ad50d5ca6ac3e9db03496ac39ee117ed	1	1	6c00ae0100008f13
FCHAR.MRG	16880	babb516e0071a517b46ee1637cdea5d8ca066947cd14e9caf12c583b53ca84cf	1	1	1c006e000000f302
FIGHT1.MID	398	35e9d6e69cc58fe3cc25d2ef39bdb1a0d3968244e07e3a69bd62a1ffbaec60c8	1	1	4d54686400000006
FIGHT2.MID	450	aa10c6ab1ab35c8a4dc21398733a781e189118e377a069180bf801a8176f34df	1	1	4d54686400000006
FIGHTEND.MID	380	8abb8a4e53533aacbd4e8a82cc1c9e7d8bee5d6e9195fbbf60d312ee04c76a71	1	1	4d54686400000006
FILELIST	1526	638210db3490238644151bfb73e8914cf49634fdd23aa58af798a0f525c26bce	1	1	414c434f484f4c2e
FNAME.DAT	158	79a1e43ef303b9782cd0c306f8b12cdb0b4bc773f9bfa0c2509e426a004ea1b3	1	1	3020323030372f30
FNAME.DA_	158	f5d7fb15030317ee158f31c39145c38d43bf5deeca1001908577af5b27d51bf2	1	1	3020323030372f30
GAMEFILE.000	31839	591ddda3cfaa840228a208cd80ece2420189c792d1dc113a9d85122702a74cff	1	1	000900ab3109002b
GAMEFILE.001	31839	aadf59d0d1763fd66d98139b55290c20cee65a5fab479e5e3345fbb453b33709	1	1	000900ab3109002b
GAMEFILE.002	31839	a008a824067d61be1076b4aafcbb5c7c533d8686b1ebd17d77a2a71ed9b219d4	1	1	000900ab3109002b
GAMEFILE.003	31839	9fecee580d6ebecb403b25fbf8e82d3e6694e24f7dafb853bafbb9a1ed8dff18	1	1	000900ab31080034
GAMEFILE.004	31839	6d648236b931e15bdc7cf89918f54e88bb293b88e0df40054d158f45007d73e8	1	1	000900ab31060018
GMAP.PXS	31997	aa067493ee343a9fe584ec5dc806991065b7d5fc66040c4787b10281ada45583	1	1	05f401003f800290
GOLD.MID	307	12c128a7949db35690110fa7c8400e377281e3e208cd152660391b2d0e3de565	1	1	4d54686400000006
H-TXT.PCX	83276	494af2b8c62ad1361f05a262ea404e12768096da03be15ad30f61294e2e1d5f9	1	1	0a05010800000000
H-TXT.RGB	0	e3b0c44298fc1c149afbf4c8996fb92427ae41e4649b934ca495991b7852b855	1	1	
HR.BAT	164	27eecedbf87cfc81f41160d635781d61189d898ffcecc3755f5a44bb16746bba	1	1	4543484f204f4646
IMG.GS	6326	2b4f7ffae54a3212a8f5cf77a64b13257a9e2afa954f45fe46d42aadcc0e937a	1	1	05f401003f800290
IMG.RGB	48	bb4001a2aafdb0d30bd6fa6facc8e847cfe8ad73170875b38b29face77a6cd4c	1	1	0f0f0f00000f0f00
INST.BAT	1220	2fbb55bb2f92e34e25430047fbe1452f566e43840c344b7fa59bca4b5934c2fc	1	1	406563686f206f66
ITEM.MRG	22146	b4c2d98e2370db1266e285cce6ae61084581538a1ec6acde60a166e386573016	1	1	3e00f60000006302
KING.MID	1613	d6d95ec9b2abdcfe5376980a0006261ea1b0f23ddddf9d2e30da2dba12b467c3	1	1	4d54686400000006
KING2.MID	737	115129554bc0aa1e8f600bd225445ef46a1d407e5b7f1d2b127e68f7217100b4	1	1	4d54686400000006
KOMA.MRG	26574	b198aa5f80dcf4ce5e3af40079133a2bea49b918f43f1dae5bfbd062e7bd80f4	1	1	4a00260100009302
LTIME.MRG	8283	5d2fe0ee3b60cc7a2330361ab409992af2ee4e837e0974e4ca17e7bbf834abac	1	1	0f003a000000bf02
MAIN.EXE	539424	08ed144e8f8d6e97d19f0759bce2420665998143f2f0f056ab7adc718e550e3e	1	1	4d5a8001c3020011
MAP01.PXZ	51097	e2284185738c0cc0a7b0eb414c16e630e5b9dce05fbefb263442f775fc37f86f	1	1	e60600001c001600
MAP02.PXZ	46791	32e2749f83c0f8fbe39504ac76c319deed4fbecaf7ab1a46d23f87502c9b5a61	1	1	e60600001a000e00
MAP03.PXZ	32368	9150074649086d12c074b288554c4bf5eba49a2ee1de23f7c47c552158fe332a	1	1	020700007e021400
MAP04.PXZ	39698	5c0d1e63442fa26bc09754c681652dc04446d62c2a5769a2ea0461462ece4dab	1	1	92070000c2000600
MAP05.PXZ	56403	c5807f1f400c998ad6b5db2b68926f1b007c2c676c153c60fc9fa561e0f139cb	1	1	b60600001a001a00
MAP06.PXZ	46660	bbea08dfc7c50603a76d98450581fc1c7ce479805f0e72bcd76e61a8fa1d75c0	1	1	d60600001a001200
MAP07.PXZ	36554	1d7f8e4ddee8208209271c5aa1103efc4177b4303be9a2e5d115e8dd4e1dd18a	1	1	460700007e021400
MAP08.PXZ	44368	6180cf06005363efa5996e609f6e97e4576c27bf4c2d2e58040c9bd91009ba4b	1	1	6e07000022000400
MAP09.PXZ	39722	1e9584462cb89b6dd181a89e00e5b3489cba730d18400e4269b3f95958465ee3	1	1	c207000024000600
MAP1.MID	11743	8333e3a71c031a6f754941feb576226c8c14e7f30c33d5ab143150ebba541da6	1	1	4d54686400000006
MAP10.PXZ	37313	9eb458478de4b04b080aee2a101f7c3152b70c68154af70e75ace0798aed102a	1	1	0e06000012000600
MAP11.PXZ	56223	db9d7deba173f8d7c38a9258095d604428c4bb94762d9783a751cfc231b76e0e	1	1	2e06000016001400
MAP2.MID	2006	d0f2dcc581a0acc0e9b133ab3c07e77ab14874ea32990be2d445b35cf3afe8e7	1	1	4d54686400000006
MAP3_1.MID	8333	4d59b98d1597035cf0262a91bb58cf9e77d5e69b945371c8d9e54a4e181a2ada	1	1	4d54686400000006
MAP3_2.MID	9224	cb6453c3ce7d843f010e30133bffa1643f9bc492982212477a0ed357055b0858	1	1	4d54686400000006
MISSION.MID	519	9467f90c0abe43622ecb3f1d290a71cd6f0a90db8ca442e68ec6b26e9c1e91f0	1	1	4d54686400000006
NATIONAL.MID	2823	17bf54e1590c7d8ac3924c578c3a245e5d51d301d43628839ac7829c66a63cb2	1	1	4d54686400000006
NOWEAPON.MRG	11983	4a9ae3f810963e8ac3d171e6c548a7e6345fc1244bf8d5d2efd737817b4ad9ba	1	1	03000a000000cf2e
OP.EXE	140542	8154bb80d018210d8d96493bcdb80c44d1c0adb81419966539ae83812e79d2e2	1	1	4d5afe0013016004
OP.TXT	664	a9dc0000f871a1c87ae75208e58d5a8ebea522fa73d6db4a5660ae1b24e16d5d	1	1	0d0a202020202020
OP0.GS	16874	51cc745fcb4c2cb65f6c51ab5d081747c5f30d909e7938870bdde11aac643d41	1	1	05fa00001f400190
OP0.RGB	48	c9a4f458288474d488973fc68fa38db28375703c3cbde1c800fbd5ef27d47514	1	1	000000080b0c0c0e
OP0.TXT	818	855c335b665d1ca7322718f7faa5cc7f6b611609083a5ca55d6bd6a0452cdc7a	1	1	0d0a202020202020
OP1.GS	16291	7751975c0cca78727ad12477e51b2a84c5d692a386213a6811e82ef0fadf8740	1	1	05fa00001f400190
OP1.RGB	48	c9a4f458288474d488973fc68fa38db28375703c3cbde1c800fbd5ef27d47514	1	1	000000080b0c0c0e
OP1.TXT	412	34b64935c33f7b2c2fd4f4ec4b13a916538a963750b4d8ae5f294bf4f4146a91	1	1	0d0ab3c7a6e8a145
OP10.GS	33528	8ae249f4627edec7ccf460dd1eaf2bd558f36a2a121b4fc9e0aceeb51803c8a0	1	1	05f401001f800290
OP10.RGB	48	6b67427f604b7797cfe2b6dcd2d63a9c74c3e3127c840b6b29844f0bc4d5aa07	1	1	0700000a08050f00
OP2.GS	15632	4c09a2fa8ea958f4fcb33fd3cfda16cb612a939d596c70eec30c9a1e06b92dea	1	1	05fa00001f400190
OP2.RGB	48	c9a4f458288474d488973fc68fa38db28375703c3cbde1c800fbd5ef27d47514	1	1	000000080b0c0c0e
OP2.TXT	690	42093687774e10b76245fcc38b1b7c50e90e4cf9a418f4d2d262eae20037ce48	1	1	0d0a202020202020
OP3.GS	12985	3648e565e5f7dee2fab38675f2c58a0e2a81f5afd9a6875473745188ca7de24f	1	1	05fa00001f400190
OP3.RGB	48	c9a4f458288474d488973fc68fa38db28375703c3cbde1c800fbd5ef27d47514	1	1	000000080b0c0c0e
OP3.TXT	328	1cf4d9286348a5b70108049ae5326bb951441a37c6d2f950c45612e8eda0adee	1	1	0d0ac553a145a668
OP4.GS	14923	0c1a372f63c616eb33b52ceaae3a19de5ae39275e23009a7ddd66d994610b01e	1	1	05fa00009f400190
OP4.RGB	48	c9a4f458288474d488973fc68fa38db28375703c3cbde1c800fbd5ef27d47514	1	1	000000080b0c0c0e
OP4.TXT	618	aeb1e8529e64c0190150aca56fb3fd4f0e7c6eaa009238bdc79963118f65969a	1	1	0d0a202020202020
OP5.GS	15681	b37de2cdeb8ddf26325c60693dd64d050b76679b81199f593d58bf645aee1d4e	1	1	05fa0000df400190
OP5.RGB	48	c9a4f458288474d488973fc68fa38db28375703c3cbde1c800fbd5ef27d47514	1	1	000000080b0c0c0e
OP5.TXT	324	ef4238c2793883462ba8440b6ee1b0e2dfb6a02edfe87ddc781ab967cb299c70	1	1	0d0aa846a145bafb
OP6.GS	17717	6e06f7ede6f562ac9a605be7e4669306b9d694da9a7bbcdd6997e7f0dbf4bfd1	1	1	05fa00001f400190
OP6.RGB	48	c9a4f458288474d488973fc68fa38db28375703c3cbde1c800fbd5ef27d47514	1	1	000000080b0c0c0e
OP7.GS	17702	880794757605f624a885a7940175e1069fab0aaab03106847e3c6648ef9df020	1	1	05fa00001f400190
OP7.RGB	48	c9a4f458288474d488973fc68fa38db28375703c3cbde1c800fbd5ef27d47514	1	1	000000080b0c0c0e
OP8.GS	2639	d46b773bff0a3cf91df61fa36ea947ad77d7cf2a3190ce238a5f8c107ad609d4	1	1	057d00001f800264
OP8.RGB	48	9c30eeb9ac13df0caab54f3605728965f9a9de4fa17206fc26db8ae4d266274b	1	1	0000000606060f0f
OP9.GS	475	01b312bdb0b58fd2f3dd1ded3f44f1a7085b3ec08e6cf59408c6503e7af5dfe2	1	1	051000001f800040
OP9.RGB	48	8799c63820b8efc61daa9b1f9ae7540382ed651964cc6e1edcf83c1881b90136	1	1	0000000f0f0f010a
PANZER.MRG	67863	8921b45c5e4d7739fa99f4bbbb0cf77714a1c094f2879295e1325df632e123ab	1	1	0a00260000008815
PLANE.MRG	68032	c40bdff2857c337f775897d4b96aab32645f2b2c8b128683e9c1c79132d3257b	1	1	0a0026000000b617
PLATE1.PAT	128	4f32df39caecd88e6f239622311d6fcc057207ebd4ca06fbc7ad1e49c298baf8	1	1	0000000000000000
PLATE2.PAT	128	c512580a5cad8400638e57e137b2f56aa4d7b6328832e95915be3211c8b75b3b	1	1	0000000000000000
POWERMES.MES	7545	46f05b869906e5ba4d21a408f6a1672dc02f0a8c77e80fb727fec8b18598ba7a	1	1	c100060300004903
PRINCESS.MID	1136	8e4f81d0563a80d062feebae1d69da31432102c878f87ac9e8223660276a65e5	1	1	4d54686400000006
PSH.EXE	58966	de1164fa92fd5af36f6f2dc0dcc245d45f9e15935ac4b3381f7cb03944767a90	1	1	4d5a4e0016000600
QUIT.EXE	6092	8c93ac4cea93472a6d187b083439aab74deeca597d208d89aa8d9a15d3eaec27	1	1	4d5acc010c000300
RAIN.PCX	46851	021daa573dfdff4f299ae3af464a30e19d74fa7e9dfcfe28ce0c461cddd4a7aa	1	1	0a05010800000000
ROLL.GS	14801	1e84905cb3c991cd1c1060138c269dff0e7421fe5dc9a0a6d34813ea1f3332f6	1	1	00e20400a87cffff
ROLL.RGB	48	1b8706a5e5e5abfd99fae4d2b8cb8b507dea61364854afd371d50e7cba9067f4	1	1	0000000705050a0a
ROUT.MID	391	12bc7bff0e8dcb3a3478f8b23b5c8bc0e0e6099de14ed5a3c65b72f3ea779157	1	1	4d54686400000006
SCOUT.MID	1299	706bf29c6ba7fea6fe9c406fb8cc55af92c190d8a1b237cdb0fcb8b3cee7f554	1	1	4d54686400000006
SHOPTAB.TBL	19800	ceb133f82c791cac6d8b6c5158aa75b1579b6d3bc8c034061b49c4565b9d4176	1	1	a564a56aafc7a969
SIG.COM	1172	512f0feeb6835cf99d9211a7c74606e153219968a34689b77ec0fe18d8a52981	1	1	e951035347505255
SOUND_E.PCM	18388	8d86588cd24ec646a48f8217ce41e9ca543519376710f48371d3fbba2f3da012	1	1	d447000080808080
SP.MES	12039	f88fed9bbd525c5fb0972b2ef58718a59615b6fc92721c2ab83c5bd1cdd24b0c	1	1	7500d60100005f02
SPOINT.MRG	56634	b9b6032af1a9a5b3772f11754cab74cd3d93676c1b8b1ab2ef57b06e6dd22877	1	1	3600d60000001305
SYSTEM.MES	10225	eb22a69369bff1dad2a6cfbc8812080df4d60a29d25ae0c545690ba5ec75cb0e	1	1	3b01ee0400000e05
SYS_LOAD.MID	1215	d13784d7aacb531684920a09c26bc0739d9bfb3297e53237f35f74c36ca124f8	1	1	4d54686400000006
SYS_SAVE.MID	536	9227afc75758e8feb0d8f0d49dd473ce4762718b9beb5ecab8cff1182a516956	1	1	4d54686400000006
TEMP	0	e3b0c44298fc1c149afbf4c8996fb92427ae41e4649b934ca495991b7852b855	1	1	
UWASA.MES	5496	906cfaf382284466fa9f420db4c99e0d1227e60a41f537d6624df666ad4273d8	1	1	6f00be0100000102
VICTORY.MID	396	1397a8ff3d341504c3189a12868afb312b64fd7dbe367f3bcf676e43f39c4850	1	1	4d54686400000006
VS.MRG	241495	5997ac71bd81d6810c79b8fdbc623727234fc80d681d9bf307cf51bbef1590ca	1	1	1b006a0000002c17
复件 GAMEFILE.001	31839	0627bffb2f68ca887355f3c255ded7ef2d4cdcba3b4c9986f2cb86b240b6a912	1	1	000900ab310a0000
