left_cp	right_cp	code_hex
U+0020	U+0020	E040
U+0020	U+0021	E041
U+0020	U+0022	E042
U+0020	U+002D	E043
U+0020	U+002E	E044
U+0020	U+0030	E045
U+0020	U+0031	E046
U+0020	U+0032	E048
U+0020	U+0033	E049
U+0020	U+0034	E04A
U+0020	U+0035	E04B
U+0020	U+0036	E04C
U+0020	U+0037	E04D
U+0020	U+0038	E04E
U+0020	U+0041	E04F
U+0020	U+0042	E050
U+0020	U+0043	E051
U+0020	U+0044	E052
U+0020	U+0045	E053
U+0020	U+0046	E054
U+0020	U+0047	E055
U+0020	U+0048	E056
U+0020	U+0049	E057
U+0020	U+004A	E059
U+0020	U+004B	E05A
U+0020	U+004C	E05B
U+0020	U+004D	E05C
U+0020	U+004E	E05D
U+0020	U+004F	E05E
U+0020	U+0050	E05F
U+0020	U+0051	E060
U+0020	U+0052	E063
U+0020	U+0053	E064
U+0020	U+0054	E065
U+0020	U+0055	E066
U+0020	U+0056	E067
U+0020	U+0057	E068
U+0020	U+0059	E069
U+0020	U+005A	E06A
U+0020	U+005B	E06B
U+0020	U+0061	E06C
U+0020	U+0062	E06D
U+0020	U+0063	E06E
U+0020	U+0064	E06F
U+0020	U+0065	E070
U+0020	U+0066	E071
U+0020	U+0067	E072
U+0020	U+0068	E073
U+0020	U+0069	E074
U+0020	U+006A	E075
U+0020	U+006B	E076
U+0020	U+006C	E077
U+0020	U+006D	E078
U+0020	U+006E	E079
U+0020	U+006F	E07A
U+0020	U+0070	E07B
U+0020	U+0071	E07C
U+0020	U+0072	E07D
U+0020	U+0073	E07E
U+0020	U+0074	E0A1
U+0020	U+0075	E0A2
U+0020	U+0076	E0A3
U+0020	U+0077	E0A4
U+0020	U+0079	E0A5
U+0020	U+007A	E0A6
U+0021	U+0020	E0A7
U+0021	U+0021	E0A8
U+0021	U+002E	E0AA
U+0021	U+003F	E0AB
U+0022	U+0020	E0AC
U+0022	U+0021	E0AD
U+0022	U+0042	E0AE
U+0022	U+0043	E0AF
U+0022	U+0045	E0B0
U+0022	U+0047	E0B1
U+0022	U+004B	E0B2
U+0022	U+004C	E0B3
U+0022	U+004D	E0B4
U+0022	U+004F	E0B5
U+0022	U+0052	E0B7
U+0022	U+0053	E0B8
U+0022	U+0054	E0B9
U+0022	U+0057	E0BA
U+0022	U+0061	E0BB
U+0022	U+006C	E0BC
U+0022	U+0072	E0BD
U+0022	U+0074	E0BE
U+0027	U+0020	E0BF
U+0027	U+0064	E0C0
U+0027	U+006C	E0C1
U+0027	U+006D	E0C2
U+0027	U+0072	E0C3
U+0027	U+0073	E0C4
U+0027	U+0074	E0C5
U+0027	U+0076	E0C6
U+002C	U+0020	E0C7
U+002C	U+0022	E0C8
U+002D	U+0020	E0C9
U+002D	U+0036	E0CA
U+002D	U+0046	E0CB
U+002D	U+0048	E0CC
U+002D	U+0061	E0CD
U+002D	U+0063	E0CE
U+002D	U+0064	E0CF
U+002D	U+0067	E0D0
U+002D	U+0068	E0D1
U+002D	U+006C	E0D2
U+002D	U+0070	E0D3
U+002D	U+0071	E0D4
U+002D	U+0072	E0D5
U+002D	U+0073	E0D6
U+002D	U+0074	E0D7
U+002D	U+0077	E0D8
U+002D	U+0079	E0D9
U+002E	U+0020	E0DA
U+002E	U+0021	E0DB
U+002E	U+0022	E0DC
U+002E	U+002E	E0DD
U+002E	U+003F	E0DE
U+002E	U+0041	E0DF
U+002E	U+0042	E140
U+002E	U+0043	E141
U+002E	U+0044	E142
U+002E	U+0046	E143
U+002E	U+0047	E144
U+002E	U+0048	E145
U+002E	U+0049	E146
U+002E	U+004B	E147
U+002E	U+004C	E148
U+002E	U+004D	E149
U+002E	U+004E	E14A
U+002E	U+004F	E14B
U+002E	U+0050	E14C
U+002E	U+0052	E14D
U+002E	U+0053	E14E
U+002E	U+0054	E14F
U+002E	U+0055	E150
U+002E	U+0056	E151
U+002E	U+0057	E152
U+002E	U+0059	E153
U+002E	U+0061	E154
U+002E	U+0062	E155
U+002E	U+0066	E156
U+002E	U+0068	E157
U+002E	U+006C	E158
U+002E	U+0072	E159
U+002E	U+0073	E15A
U+002E	U+0074	E15B
U+002E	U+0075	E15C
U+002E	U+0077	E15D
U+0030	U+0020	E15E
U+0030	U+002E	E15F
U+0030	U+0030	E160
U+0031	U+0020	E161
U+0031	U+002D	E162
U+0031	U+0030	E163
U+0031	U+0043	E164
U+0032	U+0020	E165
U+0032	U+0030	E166
U+0032	U+0043	E167
U+0033	U+0020	E168
U+0033	U+0030	E169
U+0033	U+0043	E16A
U+0034	U+0020	E16B
U+0034	U+0043	E16C
U+0035	U+0020	E16D
U+0035	U+0030	E16E
U+0035	U+0043	E16F
U+0036	U+0020	E170
U+0036	U+002E	E171
U+0036	U+0030	E172
U+0036	U+0043	E173
U+0037	U+0020	E174
U+0037	U+0043	E175
U+0038	U+0020	E176
U+0038	U+0043	E177
U+0039	U+0020	E178
U+0039	U+0043	E179
U+003A	U+0020	E17A
U+003B	U+0020	E17B
U+003F	U+0020	E17C
U+003F	U+0021	E17D
U+003F	U+002E	E17E
U+0041	U+0020	E1A1
U+0041	U+0043	E1A2
U+0041	U+004E	E1A3
U+0041	U+0061	E1A4
U+0041	U+0062	E1A5
U+0041	U+0063	E1A6
U+0041	U+0064	E1A7
U+0041	U+0066	E1A8
U+0041	U+0067	E1A9
U+0041	U+0068	E1AA
U+0041	U+0069	E1AB
U+0041	U+006B	E1AC
U+0041	U+006C	E1AD
U+0041	U+006D	E1AE
U+0041	U+006E	E1AF
U+0041	U+0072	E1B0
U+0041	U+0073	E1B1
U+0041	U+0074	E1B2
U+0041	U+0077	E1B3
U+0042	U+0020	E1B4
U+0042	U+0061	E1B5
U+0042	U+0065	E1B6
U+0042	U+0069	E1B7
U+0042	U+006C	E1B8
U+0042	U+006F	E1B9
U+0042	U+0072	E1BA
U+0042	U+0075	E1BB
U+0042	U+0079	E1BC
U+0043	U+0020	E1BD
U+0043	U+0061	E1BE
U+0043	U+0065	E1BF
U+0043	U+0068	E1C0
U+0043	U+0069	E1C1
U+0043	U+006C	E1C2
U+0043	U+006F	E1C3
U+0043	U+0075	E1C4
U+0044	U+0020	E1C5
U+0044	U+0061	E1C6
U+0044	U+0065	E1C7
U+0044	U+0069	E1C8
U+0044	U+006F	E1C9
U+0044	U+0075	E1CA
U+0045	U+0020	E1CB
U+0045	U+0061	E1CC
U+0045	U+0066	E1CD
U+0045	U+0069	E1CE
U+0045	U+006D	E1CF
U+0045	U+006E	E1D0
U+0045	U+0073	E1D1
U+0045	U+0076	E1D2
U+0045	U+0078	E1D3
U+0046	U+0020	E1D4
U+0046	U+0061	E1D5
U+0046	U+0065	E1D6
U+0046	U+0069	E1D7
U+0046	U+006C	E1D8
U+0046	U+006F	E1D9
U+0046	U+0072	E1DA
U+0046	U+0075	E1DB
U+0047	U+0020	E1DC
U+0047	U+0021	E1DD
U+0047	U+002E	E1DE
U+0047	U+003F	E1DF
U+0047	U+0061	E240
U+0047	U+0065	E241
U+0047	U+0069	E242
U+0047	U+006F	E243
U+0047	U+0072	E244
U+0047	U+0075	E245
U+0048	U+0020	E246
U+0048	U+0041	E247
U+0048	U+0061	E248
U+0048	U+0065	E249
U+0048	U+0069	E24A
U+0048	U+006D	E24B
U+0048	U+006F	E24C
U+0048	U+0075	E24D
U+0049	U+0020	E24E
U+0049	U+0021	E24F
U+0049	U+0027	E250
U+0049	U+002C	E251
U+0049	U+002E	E252
U+0049	U+0063	E253
U+0049	U+0064	E254
U+0049	U+0066	E256
U+0049	U+0067	E257
U+0049	U+006D	E259
U+0049	U+006E	E25A
U+0049	U+0072	E25B
U+0049	U+0073	E25C
U+0049	U+0074	E25D
U+004A	U+0020	E25E
U+004A	U+0065	E25F
U+004A	U+006F	E260
U+004A	U+0075	E261
U+004B	U+0020	E262
U+004B	U+002E	E263
U+004B	U+0053	E264
U+004B	U+0061	E265
U+004B	U+0065	E266
U+004B	U+0069	E267
U+004B	U+006E	E268
U+004B	U+006F	E269
U+004B	U+0072	E26A
U+004B	U+0075	E26B
U+004C	U+0020	E26C
U+004C	U+0043	E26D
U+004C	U+0061	E26E
U+004C	U+0065	E26F
U+004C	U+0069	E270
U+004C	U+006F	E271
U+004C	U+0075	E272
U+004D	U+0020	E273
U+004D	U+0061	E274
U+004D	U+0065	E275
U+004D	U+0069	E276
U+004D	U+006F	E277
U+004D	U+0072	E278
U+004D	U+0075	E279
U+004D	U+0079	E27A
U+004E	U+0020	E27B
U+004E	U+004B	E27C
U+004E	U+0061	E27D
U+004E	U+0065	E27E
U+004E	U+0069	E2A1
U+004E	U+006F	E2A2
U+004F	U+0020	E2A3
U+004F	U+0062	E2A4
U+004F	U+0063	E2A5
U+004F	U+0066	E2A6
U+004F	U+0068	E2A7
U+004F	U+0069	E2A8
U+004F	U+006C	E2A9
U+004F	U+006E	E2AA
U+004F	U+0070	E2AB
U+004F	U+0072	E2AC
U+004F	U+0074	E2AD
U+004F	U+0075	E2AE
U+004F	U+0076	E2AF
U+0050	U+0020	E2B0
U+0050	U+0061	E2B1
U+0050	U+0065	E2B2
U+0050	U+0068	E2B3
U+0050	U+0069	E2B4
U+0050	U+006C	E2B5
U+0050	U+006F	E2B6
U+0050	U+0072	E2B7
U+0050	U+0075	E2B8
U+0051	U+0020	E2B9
U+0051	U+0075	E2BA
U+0052	U+0020	E2BB
U+0052	U+0061	E2BC
U+0052	U+0065	E2BD
U+0052	U+0069	E2BE
U+0052	U+006F	E2BF
U+0052	U+0075	E2C0
U+0053	U+0020	E2C1
U+0053	U+0061	E2C2
U+0053	U+0063	E2C3
U+0053	U+0065	E2C4
U+0053	U+0066	E2C5
U+0053	U+0068	E2C6
U+0053	U+0069	E2C7
U+0053	U+006B	E2C8
U+0053	U+006F	E2C9
U+0053	U+0070	E2CA
U+0053	U+0074	E2CB
U+0053	U+0075	E2CC
U+0054	U+0020	E2CD
U+0054	U+0048	E2CE
U+0054	U+0061	E2CF
U+0054	U+0065	E2D0
U+0054	U+0068	E2D1
U+0054	U+0069	E2D2
U+0054	U+006F	E2D3
U+0054	U+0072	E2D4
U+0054	U+0075	E2D5
U+0054	U+0077	E2D6
U+0055	U+0020	E2D7
U+0055	U+006E	E2D8
U+0055	U+0073	E2D9
U+0055	U+0074	E2DA
U+0056	U+0020	E2DB
U+0056	U+0061	E2DC
U+0056	U+0065	E2DD
U+0056	U+0069	E2DE
U+0056	U+006F	E2DF
U+0057	U+0020	E340
U+0057	U+0061	E341
U+0057	U+0065	E342
U+0057	U+0068	E343
U+0057	U+0069	E344
U+0057	U+006F	E345
U+0059	U+0020	E346
U+0059	U+0061	E347
U+0059	U+0065	E348
U+0059	U+006F	E349
U+0059	U+0075	E34A
U+005A	U+0020	E34B
U+005A	U+0061	E34C
U+005A	U+0065	E34D
U+005A	U+0069	E34E
U+005B	U+0020	E34F
U+005B	U+0054	E350
U+005D	U+0020	E351
U+0061	U+0020	E352
U+0061	U+0021	E353
U+0061	U+0022	E354
U+0061	U+0027	E355
U+0061	U+002C	E356
U+0061	U+002D	E357
U+0061	U+002E	E359
U+0061	U+0061	E35A
U+0061	U+0062	E35B
U+0061	U+0063	E35C
U+0061	U+0064	E35D
U+0061	U+0065	E35E
U+0061	U+0066	E35F
U+0061	U+0067	E360
U+0061	U+0068	E362
U+0061	U+0069	E363
U+0061	U+006A	E364
U+0061	U+006B	E365
U+0061	U+006C	E366
U+0061	U+006D	E367
U+0061	U+006E	E368
U+0061	U+006F	E369
U+0061	U+0070	E36A
U+0061	U+0072	E36B
U+0061	U+0073	E36C
U+0061	U+0074	E36D
U+0061	U+0075	E36E
U+0061	U+0076	E36F
U+0061	U+0077	E370
U+0061	U+0078	E371
U+0061	U+0079	E372
U+0061	U+007A	E373
U+0062	U+0020	E374
U+0062	U+0021	E375
U+0062	U+002C	E376
U+0062	U+002E	E377
U+0062	U+003F	E378
U+0062	U+0061	E379
U+0062	U+0062	E37A
U+0062	U+0064	E37B
U+0062	U+0065	E37C
U+0062	U+0069	E37D
U+0062	U+006A	E37E
U+0062	U+006C	E3A1
U+0062	U+006F	E3A2
U+0062	U+0072	E3A3
U+0062	U+0073	E3A4
U+0062	U+0074	E3A5
U+0062	U+0075	E3A6
U+0062	U+0079	E3A7
U+0063	U+0020	E3A8
U+0063	U+002D	E3A9
U+0063	U+0061	E3AA
U+0063	U+0063	E3AB
U+0063	U+0065	E3AC
U+0063	U+0068	E3AD
U+0063	U+0069	E3AE
U+0063	U+006B	E3AF
U+0063	U+006C	E3B0
U+0063	U+006F	E3B1
U+0063	U+0071	E3B2
U+0063	U+0072	E3B3
U+0063	U+0073	E3B4
U+0063	U+0074	E3B5
U+0063	U+0075	E3B6
U+0063	U+0079	E3B7
U+0064	U+0020	E3B8
U+0064	U+0021	E3B9
U+0064	U+0027	E3BA
U+0064	U+002C	E3BB
U+0064	U+002D	E3BC
U+0064	U+002E	E3BD
U+0064	U+003A	E3BE
U+0064	U+003F	E3BF
U+0064	U+0061	E3C0
U+0064	U+0062	E3C1
U+0064	U+0064	E3C2
U+0064	U+0065	E3C3
U+0064	U+0067	E3C4
U+0064	U+0069	E3C5
U+0064	U+006C	E3C6
U+0064	U+006D	E3C7
U+0064	U+006E	E3C8
U+0064	U+006F	E3C9
U+0064	U+0071	E3CA
U+0064	U+0072	E3CB
U+0064	U+0073	E3CC
U+0064	U+0075	E3CD
U+0064	U+0076	E3CE
U+0064	U+0079	E3CF
U+0065	U+0020	E3D0
U+0065	U+0021	E3D1
U+0065	U+0022	E3D2
U+0065	U+0027	E3D3
U+0065	U+002C	E3D4
U+0065	U+002D	E3D5
U+0065	U+002E	E3D6
U+0065	U+003A	E3D7
U+0065	U+003B	E3D8
U+0065	U+003F	E3D9
U+0065	U+0061	E3DA
U+0065	U+0062	E3DB
U+0065	U+0063	E3DC
U+0065	U+0064	E3DD
U+0065	U+0065	E3DE
U+0065	U+0066	E3DF
U+0065	U+0067	E440
U+0065	U+0068	E441
U+0065	U+0069	E442
U+0065	U+006A	E443
U+0065	U+006B	E444
U+0065	U+006C	E445
U+0065	U+006D	E446
U+0065	U+006E	E447
U+0065	U+006F	E448
U+0065	U+0070	E449
U+0065	U+0071	E44A
U+0065	U+0072	E44B
U+0065	U+0073	E44C
U+0065	U+0074	E44D
U+0065	U+0075	E44E
U+0065	U+0076	E44F
U+0065	U+0077	E450
U+0065	U+0078	E451
U+0065	U+0079	E452
U+0065	U+007A	E453
U+0066	U+0020	E454
U+0066	U+0021	E455
U+0066	U+002C	E456
U+0066	U+002D	E457
U+0066	U+002E	E459
U+0066	U+003F	E45A
U+0066	U+0061	E45B
U+0066	U+0065	E45D
U+0066	U+0066	E45E
U+0066	U+0069	E45F
U+0066	U+006C	E460
U+0066	U+006F	E461
U+0066	U+0072	E462
U+0066	U+0074	E463
U+0066	U+0075	E464
U+0066	U+0079	E465
U+0067	U+0020	E466
U+0067	U+0021	E467
U+0067	U+0027	E468
U+0067	U+002C	E469
U+0067	U+002D	E46A
U+0067	U+002E	E46B
U+0067	U+003A	E46C
U+0067	U+003F	E46D
U+0067	U+0061	E46E
U+0067	U+0064	E46F
U+0067	U+0065	E470
U+0067	U+0067	E471
U+0067	U+0068	E472
U+0067	U+0069	E473
U+0067	U+006C	E474
U+0067	U+006E	E475
U+0067	U+006F	E476
U+0067	U+0072	E477
U+0067	U+0073	E478
U+0067	U+0074	E479
U+0067	U+0075	E47A
U+0067	U+0079	E47C
U+0068	U+0020	E47D
U+0068	U+0021	E47E
U+0068	U+0022	E4A1
U+0068	U+0027	E4A2
U+0068	U+002C	E4A3
U+0068	U+002D	E4A4
U+0068	U+002E	E4A5
U+0068	U+003F	E4A6
U+0068	U+0061	E4A7
U+0068	U+0062	E4A8
U+0068	U+0065	E4A9
U+0068	U+0068	E4AA
U+0068	U+0069	E4AB
U+0068	U+006C	E4AC
U+0068	U+006E	E4AD
U+0068	U+006F	E4AE
U+0068	U+0072	E4AF
U+0068	U+0073	E4B0
U+0068	U+0074	E4B1
U+0068	U+0075	E4B2
U+0068	U+0077	E4B3
U+0068	U+0079	E4B4
U+0069	U+0020	E4B5
U+0069	U+0021	E4B6
U+0069	U+0027	E4B7
U+0069	U+002C	E4B8
U+0069	U+002D	E4B9
U+0069	U+002E	E4BA
U+0069	U+0061	E4BB
U+0069	U+0062	E4BC
U+0069	U+0063	E4BD
U+0069	U+0064	E4BE
U+0069	U+0065	E4BF
U+0069	U+0066	E4C0
U+0069	U+0067	E4C1
U+0069	U+0068	E4C2
U+0069	U+0069	E4C3
U+0069	U+006A	E4C4
U+0069	U+006B	E4C5
U+0069	U+006C	E4C6
U+0069	U+006D	E4C7
U+0069	U+006E	E4C8
U+0069	U+006F	E4C9
U+0069	U+0070	E4CA
U+0069	U+0071	E4CB
U+0069	U+0072	E4CC
U+0069	U+0073	E4CD
U+0069	U+0074	E4CE
U+0069	U+0075	E4CF
U+0069	U+0076	E4D0
U+0069	U+0077	E4D1
U+0069	U+0078	E4D2
U+0069	U+0079	E4D3
U+0069	U+007A	E4D4
U+006A	U+0020	E4D5
U+006A	U+0061	E4D6
U+006A	U+0065	E4D7
U+006A	U+0068	E4D8
U+006A	U+0069	E4D9
U+006A	U+006F	E4DA
U+006A	U+0075	E4DB
U+006B	U+0020	E4DC
U+006B	U+0021	E4DD
U+006B	U+0027	E4DE
U+006B	U+002C	E4DF
U+006B	U+002E	E540
U+006B	U+003F	E541
U+006B	U+0061	E542
U+006B	U+0064	E543
U+006B	U+0065	E544
U+006B	U+0069	E545
U+006B	U+006C	E546
U+006B	U+006E	E547
U+006B	U+006F	E548
U+006B	U+0070	E549
U+006B	U+0073	E54A
U+006B	U+0075	E54B
U+006B	U+0079	E54C
U+006C	U+0020	E54D
U+006C	U+0021	E54E
U+006C	U+0022	E54F
U+006C	U+002C	E550
U+006C	U+002E	E551
U+006C	U+003F	E552
U+006C	U+0061	E553
U+006C	U+0063	E554
U+006C	U+0064	E555
U+006C	U+0065	E556
U+006C	U+0066	E557
U+006C	U+0067	E558
U+006C	U+0069	E559
U+006C	U+006B	E55A
U+006C	U+006C	E55B
U+006C	U+006D	E55C
U+006C	U+006F	E55D
U+006C	U+0070	E55E
U+006C	U+0072	E55F
U+006C	U+0073	E560
U+006C	U+0074	E561
U+006C	U+0075	E562
U+006C	U+0076	E563
U+006C	U+0077	E564
U+006C	U+0079	E565
U+006D	U+0020	E566
U+006D	U+0021	E567
U+006D	U+0027	E568
U+006D	U+002C	E569
U+006D	U+002D	E56A
U+006D	U+002E	E56B
U+006D	U+003F	E56C
U+006D	U+0061	E56D
U+006D	U+0062	E56E
U+006D	U+0064	E56F
U+006D	U+0065	E570
U+006D	U+0066	E571
U+006D	U+0069	E572
U+006D	U+006B	E573
U+006D	U+006D	E574
U+006D	U+006E	E575
U+006D	U+006F	E576
U+006D	U+0070	E577
U+006D	U+0072	E578
U+006D	U+0073	E579
U+006D	U+0074	E57A
U+006D	U+0075	E57B
U+006D	U+0079	E57C
U+006E	U+0020	E57D
U+006E	U+0021	E57E
U+006E	U+0022	E5A1
U+006E	U+0027	E5A2
U+006E	U+002C	E5A3
U+006E	U+002E	E5A4
U+006E	U+003F	E5A5
U+006E	U+0061	E5A6
U+006E	U+0062	E5A7
U+006E	U+0063	E5A8
U+006E	U+0064	E5A9
U+006E	U+0065	E5AA
U+006E	U+0066	E5AB
U+006E	U+0067	E5AC
U+006E	U+0068	E5AD
U+006E	U+0069	E5AE
U+006E	U+006A	E5AF
U+006E	U+006B	E5B0
U+006E	U+006C	E5B1
U+006E	U+006D	E5B2
U+006E	U+006E	E5B3
U+006E	U+006F	E5B4
U+006E	U+0070	E5B5
U+006E	U+0072	E5B6
U+006E	U+0073	E5B7
U+006E	U+0074	E5B8
U+006E	U+0075	E5B9
U+006E	U+0076	E5BA
U+006E	U+0077	E5BB
U+006E	U+0079	E5BC
U+006E	U+007A	E5BD
U+006F	U+0020	E5BE
U+006F	U+0021	E5BF
U+006F	U+0027	E5C0
U+006F	U+002C	E5C1
U+006F	U+002D	E5C2
U+006F	U+002E	E5C3
U+006F	U+003F	E5C4
U+006F	U+0061	E5C5
U+006F	U+0062	E5C6
U+006F	U+0063	E5C7
U+006F	U+0064	E5C8
U+006F	U+0065	E5C9
U+006F	U+0066	E5CA
U+006F	U+0067	E5CB
U+006F	U+0068	E5CC
U+006F	U+0069	E5CD
U+006F	U+006A	E5CE
U+006F	U+006B	E5CF
U+006F	U+006C	E5D0
U+006F	U+006D	E5D1
U+006F	U+006E	E5D2
U+006F	U+006F	E5D3
U+006F	U+0070	E5D4
U+006F	U+0072	E5D5
U+006F	U+0073	E5D6
U+006F	U+0074	E5D7
U+006F	U+0075	E5D8
U+006F	U+0076	E5D9
U+006F	U+0077	E5DA
U+006F	U+0078	E5DB
U+006F	U+0079	E5DC
U+006F	U+007A	E5DD
U+0070	U+0020	E5DE
U+0070	U+0021	E5DF
U+0070	U+002C	E640
U+0070	U+002E	E641
U+0070	U+003F	E642
U+0070	U+0061	E643
U+0070	U+0064	E644
U+0070	U+0065	E645
U+0070	U+0068	E646
U+0070	U+0069	E647
U+0070	U+006C	E648
U+0070	U+006D	E649
U+0070	U+006F	E64A
U+0070	U+0070	E64B
U+0070	U+0072	E64C
U+0070	U+0073	E64D
U+0070	U+0074	E64E
U+0070	U+0075	E64F
U+0070	U+0079	E650
U+0071	U+0020	E651
U+0071	U+0075	E652
U+0072	U+0020	E653
U+0072	U+0021	E654
U+0072	U+0027	E655
U+0072	U+002C	E656
U+0072	U+002E	E657
U+0072	U+003A	E659
U+0072	U+003F	E65A
U+0072	U+0061	E65B
U+0072	U+0062	E65C
U+0072	U+0063	E65D
U+0072	U+0064	E65E
U+0072	U+0065	E65F
U+0072	U+0066	E660
U+0072	U+0067	E662
U+0072	U+0068	E663
U+0072	U+0069	E664
U+0072	U+006B	E665
U+0072	U+006C	E666
U+0072	U+006D	E667
U+0072	U+006E	E668
U+0072	U+006F	E669
U+0072	U+0070	E66A
U+0072	U+0072	E66B
U+0072	U+0073	E66C
U+0072	U+0074	E66D
U+0072	U+0075	E66E
U+0072	U+0076	E66F
U+0072	U+0077	E670
U+0072	U+0079	E671
U+0073	U+0020	E672
U+0073	U+0021	E673
U+0073	U+0027	E674
U+0073	U+002C	E675
U+0073	U+002D	E676
U+0073	U+002E	E677
U+0073	U+003A	E678
U+0073	U+003F	E679
U+0073	U+005D	E67A
U+0073	U+0061	E67B
U+0073	U+0062	E67C
U+0073	U+0063	E67D
U+0073	U+0064	E6A1
U+0073	U+0065	E6A2
U+0073	U+0066	E6A3
U+0073	U+0067	E6A4
U+0073	U+0068	E6A5
U+0073	U+0069	E6A6
U+0073	U+006A	E6A7
U+0073	U+006B	E6A8
U+0073	U+006C	E6A9
U+0073	U+006D	E6AA
U+0073	U+006E	E6AB
U+0073	U+006F	E6AC
U+0073	U+0070	E6AD
U+0073	U+0072	E6AE
U+0073	U+0073	E6AF
U+0073	U+0074	E6B0
U+0073	U+0075	E6B1
U+0073	U+0077	E6B2
U+0073	U+0079	E6B3
U+0074	U+0020	E6B4
U+0074	U+0021	E6B5
U+0074	U+0022	E6B6
U+0074	U+0027	E6B7
U+0074	U+002C	E6B8
U+0074	U+002D	E6B9
U+0074	U+002E	E6BA
U+0074	U+003A	E6BB
U+0074	U+003B	E6BC
U+0074	U+003F	E6BD
U+0074	U+0061	E6BE
U+0074	U+0062	E6BF
U+0074	U+0063	E6C0
U+0074	U+0064	E6C1
U+0074	U+0065	E6C2
U+0074	U+0066	E6C4
U+0074	U+0067	E6C5
U+0074	U+0068	E6C6
U+0074	U+0069	E6C7
U+0074	U+006B	E6C8
U+0074	U+006C	E6C9
U+0074	U+006D	E6CA
U+0074	U+006E	E6CB
U+0074	U+006F	E6CC
U+0074	U+0070	E6CD
U+0074	U+0072	E6CE
U+0074	U+0073	E6CF
U+0074	U+0074	E6D0
U+0074	U+0075	E6D1
U+0074	U+0077	E6D2
U+0074	U+0079	E6D3
U+0075	U+0020	E6D4
U+0075	U+0021	E6D5
U+0075	U+0027	E6D6
U+0075	U+002C	E6D7
U+0075	U+002E	E6D8
U+0075	U+003F	E6D9
U+0075	U+0061	E6DA
U+0075	U+0062	E6DB
U+0075	U+0063	E6DC
U+0075	U+0064	E6DD
U+0075	U+0065	E6DE
U+0075	U+0066	E6DF
U+0075	U+0067	E740
U+0075	U+0068	E741
U+0075	U+0069	E742
U+0075	U+006A	E743
U+0075	U+006B	E744
U+0075	U+006C	E745
U+0075	U+006D	E746
U+0075	U+006E	E747
U+0075	U+006F	E748
U+0075	U+0070	E749
U+0075	U+0072	E74A
U+0075	U+0073	E74B
U+0075	U+0074	E74C
U+0075	U+0077	E74D
U+0075	U+0078	E74E
U+0075	U+0079	E74F
U+0075	U+007A	E750
U+0076	U+0020	E751
U+0076	U+0061	E752
U+0076	U+0065	E753
U+0076	U+0069	E754
U+0076	U+006F	E755
U+0076	U+0079	E756
U+0077	U+0020	E757
U+0077	U+0021	E758
U+0077	U+002C	E759
U+0077	U+002E	E75A
U+0077	U+003F	E75B
U+0077	U+0061	E75C
U+0077	U+0064	E75D
U+0077	U+0065	E75E
U+0077	U+0066	E75F
U+0077	U+0068	E760
U+0077	U+0069	E761
U+0077	U+006C	E762
U+0077	U+006E	E763
U+0077	U+006F	E764
U+0077	U+0072	E765
U+0077	U+0073	E766
U+0077	U+0075	E767
U+0078	U+0020	E768
U+0078	U+0021	E769
U+0078	U+0027	E76A
U+0078	U+002C	E76B
U+0078	U+002E	E76C
U+0078	U+003F	E76D
U+0078	U+0061	E76E
U+0078	U+0063	E76F
U+0078	U+0065	E770
U+0078	U+0068	E771
U+0078	U+0069	E772
U+0078	U+006F	E773
U+0078	U+0070	E774
U+0078	U+0071	E775
U+0078	U+0074	E776
U+0078	U+0075	E777
U+0079	U+0020	E778
U+0079	U+0021	E779
U+0079	U+0027	E77A
U+0079	U+002C	E77B
U+0079	U+002E	E77C
U+0079	U+003A	E77D
U+0079	U+003F	E77E
U+0079	U+0061	E7A1
U+0079	U+0062	E7A2
U+0079	U+0064	E7A3
U+0079	U+0065	E7A4
U+0079	U+0067	E7A5
U+0079	U+0069	E7A6
U+0079	U+006C	E7A7
U+0079	U+006D	E7A8
U+0079	U+006F	E7A9
U+0079	U+0070	E7AA
U+0079	U+0073	E7AB
U+0079	U+0074	E7AC
U+0079	U+0075	E7AD
U+0079	U+0077	E7AE
U+0079	U+007A	E7AF
U+007A	U+0020	E7B0
U+007A	U+002C	E7B1
U+007A	U+0061	E7B2
U+007A	U+0065	E7B3
U+007A	U+0068	E7B4
U+007A	U+0069	E7B5
U+007A	U+006B	E7B6
U+007A	U+006E	E7B7
U+007A	U+0072	E7B8
U+007A	U+0075	E7B9
