code_hex	sources
E047	strict:MAIN.EXE
E058	strict:MAIN.EXE
E061	strict:MAIN.EXE
E062	strict:MAIN.EXE
E0A9	data:SP.MES
E0B6	loose:MAIN.EXE,strict:MAIN.EXE
E255	data:ESPMES.MRG
E258	strict:MAIN.EXE
E358	overlay-candidate:MAIN.EXE:ovr374:5B1E@0x749AE
E361	strict:MAIN.EXE
E458	strict:MAIN.EXE
E45C	loose:MAIN.EXE,strict:MAIN.EXE
E47B	strict:OP.EXE
E658	strict:MAIN.EXE
E661	strict:MAIN.EXE
E67E	strict:OP.EXE
E6C3	loose:END.EXE,loose:MAIN.EXE,loose:OP.EXE
E847	strict:MAIN.EXE
E850	strict:MAIN.EXE
E858	overlay-candidate:MAIN.EXE:ovr374:5B20@0x749B0,strict:MAIN.EXE
E85E	strict:MAIN.EXE
E862	strict:MAIN.EXE
E874	strict:MAIN.EXE
E87C	strict:MAIN.EXE
E8CB	strict:MAIN.EXE
E8D1	strict:MAIN.EXE
E958	strict:MAIN.EXE
E961	strict:MAIN.EXE
E9A1	strict:MAIN.EXE
E9A2	strict:MAIN.EXE
E9A3	strict:MAIN.EXE
E9A4	strict:END.EXE,strict:MAIN.EXE,strict:OP.EXE
E9A5	strict:MAIN.EXE
E9A7	strict:MAIN.EXE
E9A8	strict:MAIN.EXE
E9A9	strict:MAIN.EXE
E9AE	strict:MAIN.EXE
E9B1	strict:END.EXE,strict:OP.EXE
E9B2	strict:MAIN.EXE
E9BA	strict:END.EXE,strict:MAIN.EXE,strict:OP.EXE
E9BB	strict:MAIN.EXE
E9BC	strict:MAIN.EXE
E9BD	strict:MAIN.EXE
E9BE	strict:MAIN.EXE
E9BF	strict:MAIN.EXE
E9C2	strict:MAIN.EXE
E9C3	strict:MAIN.EXE
E9C5	strict:MAIN.EXE
E9C6	strict:END.EXE,strict:MAIN.EXE,strict:OP.EXE
E9C7	strict:MAIN.EXE
E9CA	strict:END.EXE,strict:OP.EXE
E9CD	strict:END.EXE,strict:MAIN.EXE,strict:OP.EXE
E9D0	strict:MAIN.EXE
E9D2	strict:END.EXE,strict:MAIN.EXE,strict:OP.EXE
E9D9	strict:MAIN.EXE
E9DA	strict:MAIN.EXE
E9DB	strict:END.EXE,strict:OP.EXE
E9DC	strict:MAIN.EXE
E9DD	strict:MAIN.EXE
E9DE	strict:END.EXE,strict:OP.EXE
EA74	strict:MAIN.EXE
EAAC	strict:MAIN.EXE
EB4B	strict:MAIN.EXE
EB54	strict:MAIN.EXE
EB58	strict:MAIN.EXE
EB60	strict:MAIN.EXE
EB6D	strict:MAIN.EXE
EB6E	strict:MAIN.EXE
EC50	strict:END.EXE,strict:MAIN.EXE,strict:OP.EXE
EC59	overlay-candidate:MAIN.EXE:ovr374:5B02@0x74992
EC61	strict:MAIN.EXE
EC62	strict:MAIN.EXE
ED54	strict:OP.EXE
ED58	overlay-candidate:MAIN.EXE:ovr374:5B22@0x749B2,strict:MAIN.EXE
ED74	strict:MAIN.EXE
ED75	data:ESPMES.MRG
EEB0	strict:MAIN.EXE
EF58	strict:MAIN.EXE
EF61	strict:MAIN.EXE
F07C	strict:OP.EXE
F159	overlay-candidate:MAIN.EXE:ovr374:5B04@0x74994
F15A	loose:MAIN.EXE,strict:MAIN.EXE
F258	overlay-candidate:MAIN.EXE:ovr374:5B24@0x749B4,strict:MAIN.EXE
F261	strict:MAIN.EXE
F37E	strict:END.EXE
F3A5	strict:MAIN.EXE
F458	strict:MAIN.EXE
F464	strict:MAIN.EXE
F478	strict:MAIN.EXE
F4AA	data:SP.MES
F4C8	strict:MAIN.EXE
F561	strict:MAIN.EXE
F650	strict:MAIN.EXE
F658	strict:MAIN.EXE
F659	overlay-candidate:MAIN.EXE:ovr374:5B06@0x74996
F660	strict:MAIN.EXE
F6DE	loose:END.EXE,loose:MAIN.EXE,loose:OP.EXE,strict:END.EXE,strict:MAIN.EXE,strict:OP.EXE
F7AE	data:SP.MES
F858	strict:MAIN.EXE
F85E	strict:OP.EXE
F861	strict:MAIN.EXE
F86C	loose:MAIN.EXE,strict:MAIN.EXE
F8C8	strict:MAIN.EXE
F960	strict:MAIN.EXE
F9D8	data:COUNTRY.MES,data:ESPMES.MRG,data:POWERMES.MES,data:SP.MES,data:SYSTEM.MES,data:UWASA.MES,loose:END.EXE,loose:OP.EXE,strict:END.EXE,strict:OP.EXE
F9DB	data:SP.MES
