name	bytes	tracks	notes	end_tick	seconds
ALCOHOL	0	-	-	-	-
BATTLE1	2227	6	325	1548	29.318
BATTLE2	3039	7	453	1548	29.318
BATTLE3	4386	7	679	1548	29.318
BUILD	375	7	12	96	1.333
CHAPEL	895	7	98	1548	33.947
CLEAR	368	6	16	108	1.125
DANCER	1292	4	182	780	9.750
DANCE_E	326	4	21	132	1.650
ENJOY	3518	6	541	3084	33.522
FIGHT1	398	7	15	108	1.125
FIGHT2	450	7	24	108	1.125
FIGHTEND	380	7	12	108	1.125
GOLD	307	6	5	156	1.625
KING	1613	7	218	778	69.464
KING2	737	4	89	1540	32.083
MAP1	11743	7	1906	1978	98.900
MAP2	2006	7	279	3468	36.125
MAP3_1	8333	7	1322	7260	75.625
MAP3_2	9224	7	1486	4224	80.000
MISSION	519	4	52	1117	17.453
NATIONAL	2823	7	418	442	22.100
PRINCESS	1136	4	153	2316	24.125
ROUT	391	6	20	108	2.250
SCOUT	1299	6	168	3056	36.381
SYS_LOAD	1215	3	175	1542	32.125
SYS_SAVE	536	4	56	780	16.250
VICTORY	396	7	15	105	4.375
