name	parsed_s	expect_s	rendered_s	noteon	expect_noteon	peak	rms	near_clip	steals	corr	active_ok%	pitch_ok	pitch_bad_ok	engine_eq	wav_sha256_16
ALCOHOL	0 byte，略過（遊戲讀 0 byte 後沿用上一首的緩衝）
BATTLE1	29.318	29.318	30.441	325	325	0.683	0.1576	0	0	0.77	100	53/53	0	true	a60528e4f4c24bbb
BATTLE2	29.318	29.318	30.441	453	453	0.701	0.1809	0	0	0.71	100	53/53	0	true	21a2ccc0a612e9ba
BATTLE3	29.318	29.318	31.208	679	679	0.642	0.1570	0	0	0.73	100	57/57	1	true	e27056ece8682faa
BUILD	1.333	1.333	1.834	12	12	0.323	0.0751	0	0	0.75	100	-	0	true	d6ea8df247562c6b
CHAPEL	33.947	33.947	33.971	98	98	0.344	0.0388	0	0	0.35	100	52/53	2	true	9027234047a39da9
CLEAR	1.125	1.125	1.625	16	16	0.499	0.1199	0	0	0.95	100	5/5	0	true	4017596c9ab68a4d
DANCER	9.750	9.750	10.170	182	182	0.259	0.0820	0	0	0.76	100	11/11	0	true	f74afe48b7c5818b
DANCE_E	1.650	1.650	2.229	21	21	0.259	0.0755	0	0	0.96	100	3/3	1	true	ee625cfde938784a
ENJOY	33.522	33.522	34.087	541	541	0.416	0.0850	0	0	0.60	100	28/28	0	true	df2de65381f08b62
FIGHT1	1.125	1.125	2.090	15	15	0.649	0.1346	0	0	0.95	100	1/1	0	true	9023fb144291705c
FIGHT2	1.125	1.125	1.625	24	24	0.617	0.1930	0	0	0.88	100	5/5	0	true	6308a458b013dd53
FIGHTEND	1.125	1.125	1.625	12	12	0.562	0.1847	0	0	0.89	100	6/6	0	true	d2c6fab46af6a8cc
GOLD	1.625	1.625	2.113	5	5	0.305	0.0943	0	0	0.93	100	5/5	0	true	d2d82330088fc571
KING	69.464	69.464	69.962	218	218	0.226	0.0684	0	0	0.79	100	50/50	0	true	d8ba4c8ae43c5a09
KING2	32.083	32.083	32.717	89	89	0.210	0.0781	0	0	0.75	100	54/54	2	true	20f4921ea0500db7
MAP1	98.900	98.900	99.823	1906	1906	0.529	0.1105	0	0	0.71	100	28/28	0	true	c2d593176f00e2d0
MAP2	36.125	36.125	36.339	279	279	0.434	0.1076	0	0	0.72	100	48/48	2	true	4d49f821f141eef4
MAP3_1	75.625	75.625	77.508	1322	1322	0.590	0.1393	0	0	0.76	100	84/84	5	true	5f30b0c5f8c96643
MAP3_2	80.000	80.000	81.340	1486	1486	0.625	0.1424	0	0	0.69	100	63/63	0	true	aa87632d7a68c430
MISSION	17.453	17.453	17.856	52	52	0.238	0.0556	0	0	0.85	100	10/10	0	true	ced35a33233ff814
NATIONAL	22.100	22.100	23.011	418	418	0.509	0.1138	0	0	0.68	100	25/25	0	true	cc3ad5347a4c0ec4
PRINCESS	24.125	24.125	24.335	153	153	0.234	0.0877	0	0	0.30	100	37/37	4	true	7d88db0f27ceb0c4
ROUT	2.250	2.250	3.065	20	20	0.410	0.1234	0	0	0.84	100	4/4	0	true	4d873644024fc5d4
SCOUT	36.381	36.381	36.873	168	168	0.384	0.0927	0	0	0.82	99	40/40	6	true	f6b0c69f85a6c29b
SYS_LOAD	32.125	32.125	32.322	175	175	0.259	0.0768	0	0	0.94	100	22/22	0	true	3b20d24d197ea0cd
SYS_SAVE	16.250	16.250	16.370	56	56	0.376	0.1215	0	0	0.91	100	48/48	3	true	f77ca1970382c72a
VICTORY	4.375	4.375	5.341	15	15	0.551	0.0985	0	0	0.84	100	6/6	0	true	b96faecfa4c2a3fa
全部通過
