id	class
ESPMES#44.0	win31x4
ESPMES#44.1	win63x8
ESPMES#44.2	win63x8
ESPMES#116.0	win31x4
ESPMES#116.1	win31x4
ESPMES#116.2	win31x4
ESPMES#116.3	win31x4
ESPMES#116.4	win31x4
ESPMES#116.5	win31x4
ESPMES#116.6	win31x4
ESPMES#116.7	win31x4
ESPMES#116.8	win31x4
ESPMES#116.9	win31x4
ESPMES#116.10	win31x4
ESPMES#116.11	win31x4
ESPMES#116.12	win31x4
ESPMES#116.13	win31x4
ESPMES#116.14	win31x4
ESPMES#116.15	win31x4
ESPMES#116.16	win31x4
ESPMES#116.17	win31x4
ESPMES#116.18	win31x4
ESPMES#116.19	win31x4
ESPMES#116.20	win31x4
ESPMES#116.21	win31x4
ESPMES#116.22	win31x4
ESPMES#116.23	win31x4
ESPMES#116.24	win31x4
ESPMES#116.25	win31x4
ESPMES#116.26	win31x4
ESPMES#116.27	win31x4
ESPMES#116.28	win31x4
ESPMES#116.29	win31x4
ESPMES#116.30	win31x4
ESPMES#116.31	win31x4
ESPMES#116.32	win31x4
ESPMES#116.33	none
ESPMES#116.34	win31x4
ESPMES#116.35	win31x4
ESPMES#116.36	none
ESPMES#116.37	win31x4
ESPMES#116.38	win31x4
ESPMES#116.39	none
ESPMES#116.40	win31x4
ESPMES#116.41	win31x4
ESPMES#116.42	win31x4
ESPMES#116.43	win31x4
ESPMES#116.44	win31x4
ESPMES#117.0	win31x4
ESPMES#117.1	win31x4
ESPMES#117.2	win31x4
ESPMES#117.3	none
ESPMES#117.4	none
ESPMES#117.5	win31x4
ESPMES#117.6	win31x4
ESPMES#117.7	win31x4
ESPMES#117.8	none
ESPMES#117.9	none
ESPMES#117.10	win31x4
ESPMES#117.11	win31x4
ESPMES#117.12	win31x4
ESPMES#117.13	win31x4
ESPMES#117.14	win31x4
ESPMES#117.15	none
ESPMES#117.16	none
ESPMES#117.17	win31x4
ESPMES#117.18	none
ESPMES#117.19	win31x4
ESPMES#117.20	win31x4
ESPMES#117.21	win31x4
ESPMES#117.22	win31x4
ESPMES#117.23	win31x4
ESPMES#117.24	none
ESPMES#117.25	win31x4
ESPMES#117.26	none
ESPMES#117.27	win31x4
ESPMES#117.28	win31x4
ESPMES#117.29	win31x4
ESPMES#117.30	win31x4
ESPMES#117.31	none
ESPMES#117.32	none
ESPMES#117.33	win31x4
ESPMES#117.34	win31x4
ESPMES#117.35	win31x4
ESPMES#117.36	win31x4
ESPMES#117.37	none
ESPMES#117.38	win31x4
ESPMES#117.39	win31x4
ESPMES#117.40	none
ESPMES#117.41	win31x4
ESPMES#117.42	none
ESPMES#117.43	none
ESPMES#117.44	win31x4
ESPMES#117.45	none
ESPMES#117.46	win31x4
ESPMES#117.47	win31x4
ESPMES#117.48	win31x4
ESPMES#117.49	win31x4
ESPMES#117.50	win31x4
ESPMES#117.51	win31x4
ESPMES#117.52	win31x4
ESPMES#117.53	win31x4
ESPMES#117.54	win31x4
ESPMES#117.55	none
ESPMES#117.56	win31x4
ESPMES#117.57	none
ESPMES#117.58	win31x4
ESPMES#117.59	win31x4
ESPMES#117.60	win31x4
ESPMES#117.61	none
ESPMES#117.62	win31x4
ESPMES#117.63	win31x4
ESPMES#117.64	win31x4
ESPMES#117.65	win31x4
ESPMES#117.66	win31x4
ESPMES#117.67	win31x4
ESPMES#117.68	win31x4
ESPMES#117.69	win31x4
ESPMES#117.70	none
ESPMES#117.71	none
ESPMES#117.72	win31x4
ESPMES#117.73	win31x4
ESPMES#118.0	win31x4
ESPMES#118.1	win31x4
ESPMES#118.2	win31x4
ESPMES#118.3	win31x4
ESPMES#118.4	win31x4
ESPMES#118.5	win31x4
ESPMES#118.6	win31x4
ESPMES#118.7	win31x4
ESPMES#118.8	win31x4
ESPMES#118.9	win31x4
ESPMES#118.10	none
ESPMES#118.11	none
ESPMES#118.12	win31x4
ESPMES#118.13	win31x4
ESPMES#118.14	win31x4
ESPMES#118.15	win31x4
ESPMES#118.16	win31x4
ESPMES#118.17	win31x4
ESPMES#118.18	none
ESPMES#118.19	none
ESPMES#118.20	win31x4
ESPMES#118.21	win31x4
ESPMES#118.22	none
ESPMES#118.23	none
ESPMES#118.24	win31x4
ESPMES#118.25	win31x4
ESPMES#118.26	win31x4
ESPMES#118.27	win31x4
ESPMES#118.28	none
ESPMES#118.29	win31x4
ESPMES#118.30	none
ESPMES#118.31	none
ESPMES#118.32	win31x4
ESPMES#118.33	none
ESPMES#118.34	none
ESPMES#118.35	win31x4
ESPMES#118.36	win31x4
ESPMES#118.37	win31x4
ESPMES#118.38	win31x4
ESPMES#118.39	win31x4
ESPMES#118.40	none
ESPMES#118.41	none
ESPMES#118.42	none
ESPMES#118.43	none
ESPMES#118.44	none
ESPMES#118.45	none
ESPMES#118.46	none
ESPMES#118.47	none
ESPMES#118.48	none
ESPMES#118.49	none
ESPMES#118.50	none
ESPMES#118.51	none
ESPMES#119.0	win31x4
ESPMES#119.1	win31x4
ESPMES#119.2	win31x4
ESPMES#119.3	win31x4
ESPMES#119.4	win31x4
ESPMES#119.5	win31x4
ESPMES#119.6	win31x4
ESPMES#119.7	win31x4
ESPMES#119.8	win31x4
ESPMES#119.9	none
ESPMES#119.10	win31x4
ESPMES#119.11	none
ESPMES#119.12	win31x4
ESPMES#119.13	win31x4
ESPMES#119.14	none
ESPMES#119.15	win31x4
ESPMES#119.16	win31x4
ESPMES#119.17	win31x4
ESPMES#119.18	none
ESPMES#119.19	none
ESPMES#119.20	none
ESPMES#119.21	none
ESPMES#119.22	none
ESPMES#119.23	none
ESPMES#119.24	none
ESPMES#119.25	none
ESPMES#119.26	none
ESPMES#119.27	none
ESPMES#119.28	none
ESPMES#119.29	none
ESPMES#119.30	none
ESPMES#119.31	none
ESPMES#119.32	none
ESPMES#119.33	none
ESPMES#119.34	none
ESPMES#119.35	none
ESPMES#119.36	none
ESPMES#119.37	none
ESPMES#119.38	none
ESPMES#119.39	none
ESPMES#119.40	none
ESPMES#119.41	none
ESPMES#119.42	none
ESPMES#119.43	none
ESPMES#119.44	none
ESPMES#120.0	win31x4
ESPMES#120.1	none
ESPMES#120.2	none
ESPMES#120.3	none
ESPMES#120.4	none
ESPMES#120.5	none
ESPMES#120.6	win31x4
ESPMES#120.7	win31x4
ESPMES#120.8	win31x4
ESPMES#120.9	none
ESPMES#120.10	none
ESPMES#120.11	none
ESPMES#120.12	none
ESPMES#120.13	none
ESPMES#120.14	win31x4
ESPMES#120.15	win31x4
ESPMES#120.16	win31x4
ESPMES#120.17	none
ESPMES#120.18	none
ESPMES#120.19	none
ESPMES#120.20	none
ESPMES#120.21	none
ESPMES#120.22	win31x4
ESPMES#120.23	win31x4
ESPMES#120.24	win31x4
ESPMES#120.25	none
ESPMES#120.26	none
ESPMES#120.27	none
ESPMES#120.28	none
ESPMES#120.29	none
ESPMES#120.30	win31x4
ESPMES#120.31	win31x4
ESPMES#120.32	win31x4
ESPMES#120.33	none
ESPMES#120.34	none
ESPMES#120.35	none
ESPMES#120.36	none
ESPMES#120.37	none
ESPMES#120.38	win31x4
ESPMES#120.39	win31x4
ESPMES#120.40	win31x4
ESPMES#120.41	none
ESPMES#120.42	none
ESPMES#120.43	none
ESPMES#120.44	none
ESPMES#120.45	none
ESPMES#120.46	win31x4
ESPMES#120.47	win31x4
ESPMES#120.48	win31x4
ESPMES#120.49	none
ESPMES#120.50	none
ESPMES#120.51	none
ESPMES#120.52	none
ESPMES#120.53	none
ESPMES#120.54	win31x4
ESPMES#120.55	win31x4
ESPMES#120.56	win31x4
ESPMES#120.57	none
ESPMES#120.58	none
ESPMES#120.59	none
ESPMES#120.60	none
ESPMES#120.61	none
ESPMES#120.62	win31x4
ESPMES#120.63	win31x4
ESPMES#120.64	win31x4
ESPMES#120.65	win31x4
ESPMES#120.66	win31x4
ESPMES#120.67	win31x4
ESPMES#120.68	win31x4
ESPMES#120.69	win31x4
ESPMES#120.70	win63x8
ESPMES#120.71	none
ESPMES#120.72	win31x4
ESPMES#120.73	none
ESPMES#120.74	none
ESPMES#120.75	none
ESPMES#120.76	none
ESPMES#120.77	none
ESPMES#120.78	none
ESPMES#120.79	none
ESPMES#120.80	none
ESPMES#120.81	none
ESPMES#120.82	none
ESPMES#120.83	none
ESPMES#120.84	none
ESPMES#120.85	win31x4
ESPMES#120.86	win31x4
ESPMES#120.87	none
ESPMES#120.88	win31x4
ESPMES#120.89	win31x4
ESPMES#120.90	win31x4
ESPMES#120.91	win31x4
ESPMES#120.92	none
ESPMES#120.93	win31x4
ESPMES#121.0	win31x4
ESPMES#121.1	win31x4
ESPMES#121.2	win31x4
ESPMES#121.3	win31x4
ESPMES#121.4	win31x4
ESPMES#121.5	win31x4
ESPMES#121.6	win31x4
ESPMES#121.7	win31x4
ESPMES#121.8	win31x4
ESPMES#121.9	win31x4
ESPMES#121.10	win31x4
ESPMES#121.11	win31x4
ESPMES#121.12	win31x4
ESPMES#121.13	win31x4
ESPMES#121.14	win31x4
ESPMES#121.15	win31x4
ESPMES#121.16	win31x4
ESPMES#121.17	win31x4
ESPMES#121.18	win31x4
ESPMES#121.19	win31x4
ESPMES#121.20	win31x4
ESPMES#121.21	win31x4
ESPMES#121.22	win31x4
ESPMES#121.23	win31x4
ESPMES#121.24	win31x4
ESPMES#121.25	win31x4
ESPMES#121.26	win31x4
ESPMES#121.27	win31x4
ESPMES#121.28	win31x4
ESPMES#121.29	win31x4
ESPMES#121.30	win31x4
ESPMES#121.31	win31x4
ESPMES#121.32	none
ESPMES#121.33	win31x4
ESPMES#121.34	win31x4
ESPMES#121.35	win31x4
ESPMES#121.36	win31x4
ESPMES#121.37	win31x4
ESPMES#121.38	win31x4
ESPMES#121.39	win31x4
ESPMES#121.40	win31x4
ESPMES#121.41	win31x4
ESPMES#121.42	win31x4
ESPMES#121.43	win31x4
ESPMES#121.44	win31x4
ESPMES#121.45	win31x4
ESPMES#121.46	win31x4
ESPMES#121.47	win31x4
ESPMES#121.48	win31x4
ESPMES#121.49	none
ESPMES#121.50	none
ESPMES#121.51	none
ESPMES#121.52	none
ESPMES#121.53	none
ESPMES#121.54	none
ESPMES#121.55	none
ESPMES#121.56	none
ESPMES#121.57	none
ESPMES#121.58	none
ESPMES#121.59	none
ESPMES#121.60	none
ESPMES#121.61	none
ESPMES#121.62	none
ESPMES#121.63	none
ESPMES#121.64	none
ESPMES#121.65	none
ESPMES#121.66	none
ESPMES#121.67	none
ESPMES#121.68	none
ESPMES#121.69	none
ESPMES#121.70	none
ESPMES#121.71	none
ESPMES#121.72	none
ESPMES#121.73	none
ESPMES#121.74	none
ESPMES#121.75	none
ESPMES#121.76	none
ESPMES#121.77	none
ESPMES#121.78	none
ESPMES#122.0	win31x4
ESPMES#122.1	win31x4
ESPMES#122.2	win31x4
ESPMES#122.3	win31x4
ESPMES#122.4	win31x4
ESPMES#122.5	none
ESPMES#122.6	win31x4
ESPMES#122.7	none
ESPMES#122.8	none
ESPMES#122.9	none
ESPMES#122.10	none
ESPMES#122.11	none
ESPMES#122.12	win31x4
ESPMES#122.13	win31x4
ESPMES#122.14	win31x4
ESPMES#122.15	win31x4
ESPMES#122.16	none
ESPMES#122.17	win31x4
ESPMES#122.18	win31x4
ESPMES#122.19	win31x4
ESPMES#122.20	none
ESPMES#122.21	none
ESPMES#122.22	none
ESPMES#122.23	none
ESPMES#122.24	none
ESPMES#122.25	win31x4
ESPMES#122.26	win31x4
ESPMES#122.27	win31x4
ESPMES#122.28	win31x4
ESPMES#122.29	win31x4
ESPMES#122.30	win31x4
ESPMES#122.31	win31x4
ESPMES#122.32	win31x4
ESPMES#122.33	win31x4
ESPMES#122.34	none
ESPMES#122.35	none
ESPMES#122.36	none
ESPMES#122.37	none
ESPMES#122.38	none
ESPMES#122.39	win31x4
ESPMES#122.40	win31x4
ESPMES#122.41	win31x4
ESPMES#122.42	win31x4
ESPMES#122.43	win31x4
ESPMES#122.44	win31x4
ESPMES#122.45	win31x4
ESPMES#122.46	win31x4
ESPMES#122.47	none
ESPMES#122.48	win31x4
ESPMES#122.49	none
ESPMES#122.50	win31x4
ESPMES#122.51	none
ESPMES#122.52	win31x4
ESPMES#122.53	none
ESPMES#122.54	win31x4
ESPMES#122.55	none
ESPMES#122.56	win31x4
ESPMES#122.57	win31x4
ESPMES#122.58	win31x4
ESPMES#122.59	win31x4
ESPMES#122.60	win31x4
ESPMES#122.61	win31x4
ESPMES#122.62	win31x4
ESPMES#122.63	none
ESPMES#122.64	none
ESPMES#122.65	win31x4
ESPMES#122.66	win31x4
ESPMES#122.67	none
ESPMES#122.68	none
ESPMES#122.69	win31x4
ESPMES#122.70	win31x4
ESPMES#122.71	win31x4
ESPMES#122.72	none
ESPMES#122.73	win31x4
ESPMES#122.74	win31x4
ESPMES#122.75	win31x4
ESPMES#122.76	none
ESPMES#122.77	none
ESPMES#122.78	none
ESPMES#122.79	none
ESPMES#122.80	none
ESPMES#122.81	win31x4
ESPMES#122.82	win31x4
ESPMES#122.83	win31x4
ESPMES#122.84	win31x4
ESPMES#122.85	win31x4
ESPMES#122.86	none
ESPMES#122.87	win31x4
ESPMES#122.88	win31x4
ESPMES#122.89	win31x4
ESPMES#122.90	none
ESPMES#122.91	win31x4
ESPMES#122.92	win31x4
ESPMES#122.93	win31x4
ESPMES#122.94	win31x4
ESPMES#122.95	none
ESPMES#122.96	win31x4
ESPMES#122.97	win31x4
ESPMES#122.98	none
ESPMES#122.99	win31x4
ESPMES#122.100	win31x4
ESPMES#122.101	win31x4
ESPMES#122.102	win31x4
ESPMES#122.103	none
ESPMES#122.104	win31x4
ESPMES#122.105	win31x4
ESPMES#122.106	win31x4
ESPMES#122.107	win31x4
ESPMES#122.108	win31x4
ESPMES#122.109	win31x4
ESPMES#122.110	win31x4
ESPMES#122.111	none
ESPMES#122.112	none
ESPMES#122.113	none
ESPMES#122.114	none
ESPMES#122.115	none
ESPMES#122.116	win31x4
ESPMES#122.117	none
ESPMES#122.118	none
ESPMES#122.119	none
ESPMES#122.120	none
ESPMES#122.121	none
ESPMES#122.122	none
ESPMES#122.123	none
ESPMES#122.124	none
ESPMES#122.125	none
ESPMES#122.126	none
ESPMES#122.127	none
ESPMES#122.128	win31x4
ESPMES#122.129	win31x4
ESPMES#122.130	win31x4
ESPMES#122.131	win31x4
ESPMES#122.132	win31x4
ESPMES#122.133	win31x4
ESPMES#122.134	none
ESPMES#122.135	win31x4
ESPMES#122.136	win31x4
ESPMES#122.137	win31x4
ESPMES#122.138	win31x4
ESPMES#122.139	none
ESPMES#122.140	win31x4
ESPMES#122.141	none
ESPMES#122.142	win31x4
ESPMES#122.143	none
ESPMES#122.144	win31x4
ESPMES#122.145	win31x4
ESPMES#122.146	win31x4
ESPMES#122.147	win31x4
ESPMES#122.148	win31x4
ESPMES#122.149	win31x4
ESPMES#122.150	win31x4
ESPMES#122.151	none
ESPMES#122.152	win31x4
ESPMES#122.153	win31x4
ESPMES#122.154	win31x4
ESPMES#122.155	win31x4
ESPMES#122.156	none
ESPMES#122.157	win31x4
ESPMES#122.158	win31x4
ESPMES#122.159	win31x4
ESPMES#122.160	none
ESPMES#122.161	none
ESPMES#122.162	none
ESPMES#122.163	none
ESPMES#122.164	win31x4
ESPMES#122.165	win29x4
ESPMES#122.166	win29x4
ESPMES#122.167	win31x4
ESPMES#122.168	win31x4
ESPMES#122.169	win31x4
ESPMES#122.170	win31x4
ESPMES#122.171	win31x4
ESPMES#122.172	win31x4
ESPMES#122.173	win31x4
ESPMES#122.174	win31x4
ESPMES#122.175	win31x4
ESPMES#122.176	win31x4
ESPMES#122.177	win31x4
ESPMES#122.178	win31x4
ESPMES#122.179	win31x4
ESPMES#122.180	win31x4
ESPMES#122.181	win31x4
ESPMES#122.182	win31x4
ESPMES#122.183	win31x4
ESPMES#122.184	win31x4
ESPMES#122.185	win31x4
ESPMES#122.186	win31x4
ESPMES#122.187	none
ESPMES#122.188	none
ESPMES#122.189	none
ESPMES#122.190	none
ESPMES#122.191	none
ESPMES#122.192	win31x4
ESPMES#122.193	win31x4
ESPMES#122.194	win31x4
ESPMES#122.195	none
ESPMES#122.196	win31x4
ESPMES#122.197	none
ESPMES#122.198	win31x4
ESPMES#122.199	win31x4
ESPMES#122.200	win31x4
ESPMES#122.201	win31x4
ESPMES#122.202	win31x4
ESPMES#122.203	win31x4
ESPMES#122.204	win31x4
ESPMES#122.205	none
ESPMES#122.206	none
ESPMES#122.207	none
ESPMES#122.208	none
ESPMES#122.209	none
ESPMES#122.210	win31x4
ESPMES#122.211	none
ESPMES#122.212	win31x4
ESPMES#122.213	win31x4
ESPMES#122.214	none
ESPMES#122.215	none
ESPMES#122.216	none
ESPMES#122.217	none
ESPMES#122.218	none
ESPMES#122.219	win31x4
ESPMES#122.220	win31x4
ESPMES#122.221	win31x4
ESPMES#122.222	win31x4
ESPMES#122.223	win31x4
ESPMES#122.224	win31x4
ESPMES#122.225	win31x4
ESPMES#122.226	none
ESPMES#122.227	win31x4
ESPMES#122.228	win31x4
ESPMES#122.229	win31x4
ESPMES#122.230	win31x4
ESPMES#122.231	win31x4
ESPMES#122.232	win31x4
ESPMES#122.233	win31x4
ESPMES#122.234	none
ESPMES#122.235	none
ESPMES#122.236	none
ESPMES#122.237	none
ESPMES#122.238	none
ESPMES#122.239	win31x4
ESPMES#122.240	none
ESPMES#122.241	none
ESPMES#122.242	none
ESPMES#122.243	none
ESPMES#122.244	none
ESPMES#122.245	none
ESPMES#122.246	none
ESPMES#122.247	none
ESPMES#122.248	none
ESPMES#122.249	none
ESPMES#122.250	none
ESPMES#122.251	win31x4
ESPMES#122.252	win31x4
ESPMES#122.253	none
ESPMES#122.254	win31x4
ESPMES#122.255	win31x4
ESPMES#122.256	none
ESPMES#122.257	none
ESPMES#122.258	none
ESPMES#122.259	none
ESPMES#122.260	none
ESPMES#122.261	none
ESPMES#122.262	none
ESPMES#122.263	none
ESPMES#122.264	none
ESPMES#122.265	none
ESPMES#122.266	none
ESPMES#122.267	win31x4
ESPMES#122.268	none
ESPMES#122.269	win31x4
ESPMES#122.270	win31x4
ESPMES#122.271	win31x4
ESPMES#122.272	win31x4
ESPMES#122.273	win31x4
ESPMES#122.274	win31x4
ESPMES#122.275	win31x4
ESPMES#122.276	win31x4
ESPMES#122.277	none
ESPMES#122.278	win31x4
ESPMES#122.279	win31x4
ESPMES#122.280	win31x4
ESPMES#122.281	win31x4
ESPMES#122.282	win31x4
ESPMES#122.283	win31x4
ESPMES#122.284	win31x4
ESPMES#122.285	win31x4
ESPMES#122.286	win31x4
ESPMES#122.287	win31x4
ESPMES#122.288	win31x4
ESPMES#122.289	win31x4
ESPMES#122.290	win31x4
ESPMES#122.291	win31x4
ESPMES#122.292	none
ESPMES#122.293	win31x4
ESPMES#122.294	win31x4
ESPMES#122.295	none
ESPMES#122.296	win31x4
ESPMES#122.297	none
ESPMES#122.298	win31x4
ESPMES#122.299	win31x4
ESPMES#122.300	win31x4
ESPMES#122.301	win31x4
ESPMES#122.302	win31x4
ESPMES#122.303	win31x4
ESPMES#122.304	win31x4
ESPMES#122.305	win31x4
ESPMES#122.306	win31x4
ESPMES#122.307	win31x4
ESPMES#122.308	none
ESPMES#122.309	win31x4
ESPMES#122.310	win31x4
ESPMES#122.311	none
ESPMES#122.312	win31x4
ESPMES#122.313	win31x4
ESPMES#122.314	win31x4
ESPMES#122.315	none
ESPMES#122.316	win31x4
ESPMES#122.317	win31x4
ESPMES#122.318	none
ESPMES#122.319	none
ESPMES#122.320	none
ESPMES#122.321	none
ESPMES#122.322	none
ESPMES#122.323	none
ESPMES#122.324	none
ESPMES#122.325	none
ESPMES#122.326	none
ESPMES#122.327	none
ESPMES#122.328	none
ESPMES#122.329	none
ESPMES#122.330	none
ESPMES#122.331	none
ESPMES#122.332	none
ESPMES#122.333	none
ESPMES#122.334	none
ESPMES#122.335	none
ESPMES#122.336	none
ESPMES#122.337	none
ESPMES#122.338	none
ESPMES#122.339	none
ESPMES#122.340	none
ESPMES#122.341	none
ESPMES#122.342	none
ESPMES#122.343	none
ESPMES#122.344	win31x4
ESPMES#122.345	none
ESPMES#122.346	none
ESPMES#122.347	none
ESPMES#122.348	win31x4
ESPMES#122.349	none
ESPMES#122.350	none
ESPMES#122.351	none
ESPMES#122.352	win31x4
ESPMES#122.353	none
ESPMES#122.354	none
ESPMES#122.355	none
ESPMES#122.356	win31x4
ESPMES#122.357	win31x4
ESPMES#122.358	win31x4
ESPMES#122.359	win31x4
ESPMES#122.360	win31x4
ESPMES#122.361	none
ESPMES#122.362	none
ESPMES#122.363	none
ESPMES#122.364	none
ESPMES#122.365	none
ESPMES#122.366	win31x4
ESPMES#122.367	win31x4
ESPMES#122.368	win31x4
ESPMES#122.369	win31x4
ESPMES#122.370	win31x4
ESPMES#122.371	win31x4
ESPMES#122.372	win31x4
ESPMES#122.373	win31x4
ESPMES#122.374	none
ESPMES#122.375	win31x4
ESPMES#122.376	win31x4
ESPMES#122.377	win31x4
ESPMES#122.378	win31x4
ESPMES#122.379	win31x4
ESPMES#122.380	win31x4
ESPMES#122.381	win31x4
ESPMES#122.382	win31x4
ESPMES#122.383	none
ESPMES#122.384	none
ESPMES#122.385	none
ESPMES#122.386	none
ESPMES#122.387	none
ESPMES#122.388	win31x4
ESPMES#122.389	win31x4
ESPMES#122.390	none
ESPMES#122.391	none
ESPMES#122.392	none
ESPMES#122.393	none
ESPMES#122.394	none
ESPMES#122.395	win31x4
ESPMES#122.396	win31x4
ESPMES#122.397	win31x4
ESPMES#122.398	win31x4
ESPMES#122.399	win31x4
ESPMES#122.400	win31x4
ESPMES#122.401	win31x4
ESPMES#122.402	win31x4
ESPMES#122.403	win31x4
ESPMES#122.404	win31x4
ESPMES#122.405	win31x4
ESPMES#122.406	win31x4
ESPMES#122.407	win31x4
ESPMES#122.408	win31x4
ESPMES#122.409	win31x4
ESPMES#122.410	win31x4
ESPMES#122.411	win31x4
ESPMES#122.412	win31x4
ESPMES#122.413	win31x4
ESPMES#122.414	win31x4
ESPMES#122.415	win31x4
ESPMES#122.416	win31x4
ESPMES#122.417	none
ESPMES#122.418	win31x4
ESPMES#122.419	win31x4
ESPMES#122.420	win31x4
ESPMES#122.421	win31x4
ESPMES#122.422	win31x4
ESPMES#122.423	none
ESPMES#122.424	none
ESPMES#122.425	none
ESPMES#122.426	none
ESPMES#122.427	none
ESPMES#122.428	win31x4
ESPMES#122.429	none
ESPMES#122.430	none
ESPMES#122.431	none
ESPMES#122.432	none
ESPMES#122.433	none
ESPMES#122.434	none
ESPMES#122.435	none
ESPMES#122.436	none
ESPMES#122.437	none
ESPMES#122.438	none
ESPMES#122.439	none
ESPMES#122.440	win31x4
ESPMES#122.441	win31x4
ESPMES#122.442	none
ESPMES#122.443	none
ESPMES#122.444	none
ESPMES#122.445	none
ESPMES#122.446	none
ESPMES#122.447	win31x4
ESPMES#123.0	win31x4
ESPMES#123.1	win31x4
ESPMES#123.2	win31x4
ESPMES#123.3	win31x4
ESPMES#123.4	win31x4
ESPMES#123.5	win31x4
ESPMES#123.6	win31x4
ESPMES#123.7	win31x4
ESPMES#123.8	win31x4
ESPMES#123.9	win31x4
ESPMES#123.10	win31x4
ESPMES#123.11	win31x4
ESPMES#123.12	none
ESPMES#123.13	win31x4
ESPMES#123.14	win31x4
ESPMES#123.15	win31x4
ESPMES#123.16	win31x4
ESPMES#123.17	win31x4
ESPMES#123.18	win31x4
ESPMES#123.19	win31x4
ESPMES#123.20	win31x4
ESPMES#123.21	win31x4
ESPMES#123.22	win31x4
ESPMES#123.23	win31x4
ESPMES#123.24	win31x4
ESPMES#123.25	win31x4
ESPMES#123.26	win31x4
ESPMES#123.27	win31x4
ESPMES#123.28	win31x4
ESPMES#123.29	win31x4
ESPMES#123.30	win31x4
ESPMES#123.31	win31x4
ESPMES#123.32	win31x4
ESPMES#123.33	win31x4
ESPMES#123.34	win31x4
ESPMES#123.35	win31x4
ESPMES#123.36	win31x4
ESPMES#123.37	win31x4
ESPMES#123.38	win31x4
ESPMES#123.39	win31x4
ESPMES#123.40	win31x4
ESPMES#123.41	win31x4
ESPMES#123.42	win31x4
ESPMES#123.43	win31x4
ESPMES#123.44	win31x4
ESPMES#123.45	win31x4
ESPMES#123.46	win31x4
ESPMES#123.47	win31x4
ESPMES#123.48	win31x4
ESPMES#123.49	win31x4
ESPMES#123.50	win31x4
ESPMES#123.51	win31x4
ESPMES#123.52	none
ESPMES#123.53	none
ESPMES#123.54	win31x4
ESPMES#123.55	none
ESPMES#123.56	win31x4
ESPMES#123.57	none
ESPMES#123.58	win31x4
ESPMES#123.59	none
ESPMES#123.60	none
ESPMES#123.61	win31x4
ESPMES#123.62	win31x4
ESPMES#123.63	win31x4
ESPMES#123.64	none
ESPMES#123.65	none
ESPMES#123.66	none
ESPMES#123.67	none
ESPMES#123.68	none
ESPMES#123.69	none
ESPMES#123.70	none
ESPMES#123.71	none
ESPMES#123.72	win31x4
ESPMES#123.73	win31x4
ESPMES#123.74	win31x4
ESPMES#123.75	win31x4
ESPMES#123.76	win31x4
ESPMES#123.77	win31x4
ESPMES#123.78	win31x4
ESPMES#123.79	win31x4
ESPMES#123.80	none
ESPMES#123.81	none
ESPMES#123.82	win31x4
ESPMES#123.83	win31x4
ESPMES#123.84	win31x4
ESPMES#123.85	win31x4
ESPMES#123.86	win31x4
ESPMES#123.87	win31x4
ESPMES#123.88	win31x4
ESPMES#123.89	none
ESPMES#123.90	none
ESPMES#123.91	win31x4
ESPMES#123.92	win31x4
ESPMES#123.93	win31x4
ESPMES#123.94	win31x4
ESPMES#123.95	win31x4
ESPMES#123.96	win31x4
ESPMES#123.97	win31x4
ESPMES#123.98	win31x4
ESPMES#123.99	win31x4
ESPMES#123.100	win31x4
ESPMES#123.101	win31x4
ESPMES#123.102	none
ESPMES#123.103	none
ESPMES#123.104	win31x4
ESPMES#123.105	win31x4
ESPMES#123.106	win31x4
ESPMES#123.107	win31x4
ESPMES#123.108	win31x4
ESPMES#123.109	win31x4
ESPMES#123.110	win31x4
ESPMES#123.111	win31x4
ESPMES#123.112	win31x4
ESPMES#123.113	win31x4
ESPMES#123.114	win31x4
ESPMES#123.115	win31x4
ESPMES#123.116	win31x4
ESPMES#123.117	win31x4
ESPMES#123.118	win31x4
ESPMES#123.119	win31x4
ESPMES#123.120	win31x4
ESPMES#123.121	win31x4
ESPMES#123.122	none
ESPMES#123.123	win31x4
ESPMES#123.124	win31x4
ESPMES#123.125	win31x4
ESPMES#123.126	win31x4
ESPMES#123.127	win31x4
ESPMES#123.128	win31x4
ESPMES#123.129	win31x4
ESPMES#123.130	win31x4
ESPMES#123.131	win31x4
ESPMES#123.132	win31x4
ESPMES#123.133	win31x4
ESPMES#123.134	win31x4
ESPMES#123.135	win31x4
ESPMES#123.136	win31x4
ESPMES#123.137	win31x4
ESPMES#123.138	win31x4
ESPMES#123.139	win31x4
ESPMES#123.140	win31x4
ESPMES#123.141	win31x4
ESPMES#123.142	win31x4
ESPMES#123.143	win31x4
ESPMES#123.144	win31x4
ESPMES#123.145	none
ESPMES#123.146	none
ESPMES#123.147	none
ESPMES#123.148	none
ESPMES#123.149	none
ESPMES#123.150	none
ESPMES#123.151	none
ESPMES#123.152	win31x4
ESPMES#123.153	none
ESPMES#123.154	none
ESPMES#123.155	none
ESPMES#123.156	none
ESPMES#123.157	none
ESPMES#123.158	win31x4
ESPMES#123.159	win31x4
ESPMES#123.160	win31x4
ESPMES#123.161	win31x4
ESPMES#123.162	none
ESPMES#123.163	none
ESPMES#123.164	none
ESPMES#123.165	none
ESPMES#123.166	none
ESPMES#123.167	win31x4
ESPMES#123.168	win31x4
ESPMES#123.169	win31x4
ESPMES#123.170	win31x4
ESPMES#123.171	none
ESPMES#123.172	win31x4
ESPMES#124.0	win31x4
ESPMES#124.1	win31x4
ESPMES#124.2	win31x4
ESPMES#124.3	win31x4
ESPMES#124.4	win31x4
ESPMES#124.5	win31x4
ESPMES#124.6	win31x4
ESPMES#124.7	win31x4
ESPMES#124.8	win31x4
ESPMES#124.9	win31x4
ESPMES#124.10	win31x4
